link_id,source,target,direction,wkt
troncon_de_route.TRONROUT0000000002222126,0,1,1,"LINESTRING(2.55607245 48.64327257,2.55608774 48.64323125,2.55610575 48.64318814)"
troncon_de_route.TRONROUT0000000002222156,2,3,1,"LINESTRING(2.55134152 48.64286357,2.55082021 48.6428742,2.55047398 48.64288728,2.55030547 48.64291093,2.55016532 48.64295088)"
troncon_de_route.TRONROUT0000000002222158,4,5,1,"LINESTRING(2.54967989 48.64462752,2.5496369 48.6434715,2.54961387 48.6433086,2.54954441 48.64317791)"
troncon_de_route.TRONROUT0000000002222161,6,7,1,"LINESTRING(2.54990556 48.64316758,2.54982168 48.64329319,2.54978365 48.64345406,2.549828 48.64460919)"
troncon_de_route.TRONROUT0000000002222171,8,9,1,"LINESTRING(2.55014697 48.64271694,2.55032166 48.64276438,2.55049244 48.642792,2.55091463 48.6427855)"
troncon_de_route.TRONROUT0000000002222175,10,11,1,"LINESTRING(2.55137868 48.64248771,2.55137766 48.64260645,2.55137747 48.64262893,2.55138708 48.64277469)"
troncon_de_route.TRONROUT0000000002222177,12,10,1,"LINESTRING(2.55096876 48.64248887,2.55106367 48.64250002,2.55137868 48.64248771)"
troncon_de_route.TRONROUT0000000002222179,9,11,1,"LINESTRING(2.55091463 48.6427855,2.55119972 48.64278028,2.55138708 48.64277469)"
troncon_de_route.TRONROUT0000000002222198,13,14,1,"LINESTRING(2.54477009 48.64292679,2.54563486 48.6429103,2.54593892 48.64290877,2.54725042 48.64287238,2.54741197 48.64287029)"
troncon_de_route.TRONROUT0000000002222199,15,16,1,"LINESTRING(2.54333 48.64292038,2.54334852 48.64297622,2.54334806 48.64302839,2.54333122 48.64309219)"
troncon_de_route.TRONROUT0000000002222200,17,18,0,"LINESTRING(2.54496828 48.64386123,2.54560789 48.64382769,2.54569799 48.64376867,2.54590001 48.64363811,2.54593701 48.64359778,2.54594983 48.64352766,2.54594647 48.64313367,2.54593952 48.64299602)"
troncon_de_route.TRONROUT0000000002222201,18,16,1,"LINESTRING(2.54593952 48.64299602,2.54563547 48.64299666,2.54350826 48.64302541,2.54341028 48.64305382,2.54333122 48.64309219)"
troncon_de_route.TRONROUT0000000002222202,19,20,1,"LINESTRING(2.5425091 48.64304226,2.54252484 48.64295058,2.54257572 48.64287521,2.54261126 48.64284657)"
troncon_de_route.TRONROUT0000000002222203,16,19,1,"LINESTRING(2.54333122 48.64309219,2.54329271 48.64314961,2.54324348 48.6431917,2.54318474 48.64323465,2.54311799 48.64326228,2.54305132 48.64328001,2.54295486 48.64329044,2.54286667 48.6432865,2.5427975 48.64327994,2.542719 48.64325445,2.54264873 48.6432182,2.54258807 48.6431703,2.54253295 48.64310982,2.5425091 48.64304226)"
troncon_de_route.TRONROUT0000000002222204,19,21,0,"LINESTRING(2.5425091 48.64304226,2.54224714 48.64304216,2.5421114 48.64304254)"
troncon_de_route.TRONROUT0000000002222205,22,18,1,"LINESTRING(2.54920135 48.64298052,2.54907406 48.64294496,2.5489331 48.64292194,2.54867382 48.64292545,2.54825968 48.64294277,2.54793251 48.64294783,2.54782256 48.64294921,2.54725103 48.64295963,2.54593952 48.64299602)"
troncon_de_route.TRONROUT0000000002223160,23,24,0,"LINESTRING(2.55311525 48.64131139,2.55333906 48.64132843,2.55350317 48.64134253,2.55365775 48.6413602,2.55431518 48.64146161,2.55568028 48.6416628,2.55692739 48.64185274,2.5570033 48.64186472,2.55712394 48.64188315)"
troncon_de_route.TRONROUT0000000002223193,23,25,0,"LINESTRING(2.55311525 48.64131139,2.5531226 48.64124486,2.55313004 48.64116843,2.55318444 48.64099773,2.55325116 48.64081358)"
troncon_de_route.TRONROUT0000000002223223,26,25,0,"LINESTRING(2.55331946 48.64060335,2.55325116 48.64081358)"
troncon_de_route.TRONROUT0000000002223231,27,28,1,"LINESTRING(2.54966158 48.63981511,2.54966333 48.63992755)"
troncon_de_route.TRONROUT0000000002223233,12,29,-1,"LINESTRING(2.55096876 48.64248887,2.55095935 48.64216141,2.55093846 48.64190678,2.55092038 48.64179967,2.5508969 48.64168804)"
troncon_de_route.TRONROUT0000000002223239,30,31,1,"LINESTRING(2.54957723 48.64062704,2.54956795 48.64044351,2.54957045 48.64015298,2.54957004 48.64004324,2.54957791 48.63991734)"
troncon_de_route.TRONROUT0000000002223242,32,27,1,"LINESTRING(2.54966684 48.63952009,2.54966529 48.63969999,2.54966158 48.63981511)"
troncon_de_route.TRONROUT0000000002223246,33,34,1,"LINESTRING(2.5487716 48.6389842,2.54873872 48.63901915,2.5486313 48.63904213,2.54852414 48.63903543,2.5484485 48.63899287,2.5484217 48.63895229)"
troncon_de_route.TRONROUT0000000002223253,23,35,0,"LINESTRING(2.55311525 48.64131139,2.552989 48.64131362,2.55286816 48.64131856,2.55278395 48.64132544,2.55271057 48.64133506,2.55263312 48.64134467,2.55255429 48.64135786,2.55246726 48.64137643,2.55236661 48.64140123,2.55187696 48.64151993,2.55166881 48.64157671,2.55132897 48.6416366)"
troncon_de_route.TRONROUT0000000002223260,36,37,1,"LINESTRING(2.54965335 48.64061384,2.54965126 48.64069928,2.549652 48.64077035,2.54968867 48.6409261,2.5496965 48.64159356,2.54970043 48.64176718)"
troncon_de_route.TRONROUT0000000002223261,38,30,1,"LINESTRING(2.54950926 48.64253103,2.54957415 48.64240355,2.5495953 48.64231188,2.54960514 48.64227234,2.54960505 48.64212572,2.54959322 48.64176497,2.5495888 48.64164802,2.54955411 48.64094808,2.54955722 48.64090132,2.54957862 48.64078086,2.54957913 48.6407215,2.54957723 48.64062704)"
troncon_de_route.TRONROUT0000000002223263,39,36,1,"LINESTRING(2.54966264 48.64000761,2.54965746 48.64013622,2.54965642 48.64025765,2.54965974 48.64050232,2.54965335 48.64061384)"
troncon_de_route.TRONROUT0000000002223264,31,40,1,"LINESTRING(2.54957791 48.63991734,2.54958428 48.63980762)"
troncon_de_route.TRONROUT0000000002223270,10,35,1,"LINESTRING(2.55137868 48.64248771,2.55137849 48.64235189,2.55132897 48.6416366)"
troncon_de_route.TRONROUT0000000002223275,35,41,0,"LINESTRING(2.55132897 48.6416366,2.55127973 48.64073061)"
troncon_de_route.TRONROUT0000000002223276,29,35,0,"LINESTRING(2.5508969 48.64168804,2.55103139 48.64167506,2.55132897 48.6416366)"
troncon_de_route.TRONROUT0000000002223290,42,26,0,"LINESTRING(2.5512514 48.6405524,2.55203516 48.6404807,2.55226871 48.64046988,2.55245328 48.64047147,2.55256721 48.6404809,2.5530551 48.64056638,2.55331946 48.64060335)"
troncon_de_route.TRONROUT0000000002223295,43,34,0,"LINESTRING(2.54650331 48.63886675,2.54653178 48.63902697,2.54657644 48.63919894,2.54663828 48.63926754,2.54674804 48.63928775,2.54686502 48.63925761,2.54698746 48.63922479,2.54712207 48.63919652,2.54727018 48.63917729,2.54762883 48.63913818,2.54769135 48.63912762,2.54782458 48.63910204,2.54794846 48.63905933,2.54806422 48.6390139,2.54819471 48.63899101,2.54831564 48.63897527,2.5484217 48.63895229)"
troncon_de_route.TRONROUT0000000002223341,44,45,0,"LINESTRING(2.54216397 48.64013644,2.54204497 48.64024213,2.54181664 48.64043194,2.54165112 48.64057883)"
troncon_de_route.TRONROUT0000000002223343,46,47,0,"LINESTRING(2.54133337 48.63904664,2.54098232 48.63930255,2.54091859 48.63945072,2.54089598 48.63955228,2.54092266 48.63976017,2.54095024 48.63986552,2.54096468 48.63992044,2.54098616 48.63994751,2.54112042 48.63996062,2.54124928 48.63996921,2.54138754 48.63998953,2.54151606 48.6400386,2.54162697 48.64008221,2.54168911 48.64011573,2.54169418 48.64015712,2.54154122 48.64026448,2.54155043 48.64029779)"
troncon_de_route.TRONROUT0000000002223346,48,49,0,"LINESTRING(2.54485109 48.63938845,2.5445266 48.63955632,2.54435113 48.63960063,2.54415818 48.63962597,2.54396418 48.63961534,2.54376233 48.63957229,2.54365945 48.63954041)"
troncon_de_route.TRONROUT0000000002223356,50,48,0,"LINESTRING(2.54516644 48.63917828,2.54500681 48.63927391,2.54485109 48.63938845)"
troncon_de_route.TRONROUT0000000002223357,51,52,0,"LINESTRING(2.54323235 48.63933549,2.54319068 48.63928855)"
troncon_de_route.TRONROUT0000000002223359,52,53,0,"LINESTRING(2.54319068 48.63928855,2.54370759 48.63884528)"
troncon_de_route.TRONROUT0000000002223361,54,55,0,"LINESTRING(2.54630141 48.6388291,2.5456782 48.63901292)"
troncon_de_route.TRONROUT0000000002223371,49,56,0,"LINESTRING(2.54365945 48.63954041,2.54336507 48.63983522)"
troncon_de_route.TRONROUT0000000002223372,50,57,0,"LINESTRING(2.54516644 48.63917828,2.54507804 48.63904301,2.54504624 48.63895384)"
troncon_de_route.TRONROUT0000000002223373,58,46,0,"LINESTRING(2.54181596 48.63833969,2.54126883 48.63882332,2.54122052 48.63891488,2.5412443 48.63898873,2.54133337 48.63904664)"
troncon_de_route.TRONROUT0000000002223378,59,60,0,"LINESTRING(2.54195439 48.63895998,2.5425558 48.63847746)"
troncon_de_route.TRONROUT0000000002223379,61,62,0,"LINESTRING(2.54443222 48.63886064,2.54434601 48.63894127,2.5442302 48.638993,2.54409028 48.63900685,2.54396157 48.63898028,2.54385349 48.63892319,2.54380485 48.63889782,2.54377243 48.63888061)"
troncon_de_route.TRONROUT0000000002223380,63,64,0,"LINESTRING(2.54248027 48.63904386,2.54232861 48.63915841)"
troncon_de_route.TRONROUT0000000002223383,55,50,0,"LINESTRING(2.5456782 48.63901292,2.54538977 48.63909277,2.54516644 48.63917828)"
troncon_de_route.TRONROUT0000000002223386,55,65,0,"LINESTRING(2.5456782 48.63901292,2.5455324 48.6387668,2.54540116 48.63856301,2.54530372 48.63837374,2.54525025 48.63827999)"
troncon_de_route.TRONROUT0000000002223387,48,66,0,"LINESTRING(2.54485109 48.63938845,2.54502737 48.63956273,2.54517973 48.63952284)"
troncon_de_route.TRONROUT0000000002223388,67,59,0,"LINESTRING(2.54162961 48.63916112,2.5416622 48.63915945,2.54170301 48.63914881,2.5417398 48.63913186,2.54195439 48.63895998)"
troncon_de_route.TRONROUT0000000002223392,68,55,0,"LINESTRING(2.54598202 48.63950521,2.545974 48.63949078,2.54589514 48.63935106,2.5457706 48.63915719,2.5456782 48.63901292)"
troncon_de_route.TRONROUT0000000002223399,64,59,0,"LINESTRING(2.54232861 48.63915841,2.54223003 48.63910137,2.54205041 48.63899993,2.54195439 48.63895998)"
troncon_de_route.TRONROUT0000000002223413,64,69,0,"LINESTRING(2.54232861 48.63915841,2.54219997 48.63927935)"
troncon_de_route.TRONROUT0000000003407621,70,71,0,"LINESTRING(2.54063078 48.64270582,2.5405133 48.64263611,2.54029175 48.64251652,2.54000801 48.6423688)"
troncon_de_route.TRONROUT0000000003407627,72,73,0,"LINESTRING(2.53784503 48.64383742,2.5381077 48.64360456,2.53889943 48.6429438,2.53900996 48.64287766,2.53928044 48.64268172,2.53945413 48.64253307,2.53958939 48.64243195,2.53971221 48.64235687)"
troncon_de_route.TRONROUT0000000003409259,71,74,0,"LINESTRING(2.54000801 48.6423688,2.53992958 48.64233522)"
troncon_de_route.TRONROUT0000000003409260,75,76,0,"LINESTRING(2.53990506 48.6421903,2.53994784 48.64211041,2.54025177 48.64181385,2.54045853 48.64160866,2.54072388 48.64137671,2.54088797 48.64123882)"
troncon_de_route.TRONROUT0000000003409261,74,73,1,"LINESTRING(2.53992958 48.64233522,2.539905 48.64235131,2.53986142 48.64236824,2.53980299 48.64237611,2.53975282 48.64236962,2.53971221 48.64235687)"
troncon_de_route.TRONROUT0000000003409262,73,77,1,"LINESTRING(2.53971221 48.64235687,2.53968123 48.64232976,2.53965706 48.64230088,2.53965052 48.64227207,2.53965762 48.64223702)"
troncon_de_route.TRONROUT0000000003409263,77,75,1,"LINESTRING(2.53965762 48.64223702,2.53972049 48.64218779,2.53977898 48.64217362,2.53985363 48.64217391,2.53990506 48.6421903)"
troncon_de_route.TRONROUT0000000003409264,75,74,1,"LINESTRING(2.53990506 48.6421903,2.53993749 48.64220752,2.53996576 48.64223371,2.53997493 48.64227153,2.53995832 48.64230834,2.53992958 48.64233522)"
troncon_de_route.TRONROUT0000000003409266,78,79,0,"LINESTRING(2.53818719 48.64151802,2.53823593 48.64153261,2.53857637 48.64171382,2.53901294 48.6419233)"
troncon_de_route.TRONROUT0000000003409267,79,80,0,"LINESTRING(2.53901294 48.6419233,2.53944764 48.64157417,2.53963506 48.64140669,2.53966378 48.64138252,2.53980187 48.64126791,2.5398443 48.6412276)"
troncon_de_route.TRONROUT0000000003409272,81,78,0,"LINESTRING(2.53662928 48.64271281,2.53671087 48.64269604,2.53676952 48.64266389,2.53681603 48.64262359,2.53712246 48.64235403,2.53768724 48.64187769,2.53802923 48.64157678,2.53809754 48.64152667,2.53814516 48.64151336,2.53818314 48.64151621,2.53818719 48.64151802)"
troncon_de_route.TRONROUT0000000003409273,82,79,0,"LINESTRING(2.5372283 48.64343204,2.53728158 48.64339267,2.53745942 48.64323685,2.53760859 48.64309801,2.53785872 48.64290199,2.5381527 48.64265846,2.53838514 48.64246597,2.53873254 48.64216688,2.53901294 48.6419233)"
troncon_de_route.TRONROUT0000000039834665,83,2,1,"LINESTRING(2.55237058 48.64284045,2.55134152 48.64286357)"
troncon_de_route.TRONROUT0000000039834667,2,84,0,"LINESTRING(2.55134152 48.64286357,2.5513376 48.64300477,2.55132859 48.64310548,2.55130377 48.64315037,2.55127488 48.64319523,2.55121359 48.64322019,2.55114701 48.64322803,2.55103707 48.64322762,2.55055798 48.64322131,2.55047246 48.64322189,2.55040711 48.64324503,2.55034019 48.64329335,2.55027988 48.64336059,2.55025619 48.64343246,2.55023138 48.64363475,2.55024562 48.64387317,2.55027845 48.64431675,2.55030905 48.64454714,2.55035848 48.64463908,2.55043002 48.64468612,2.55054082 48.644745,2.55058955 48.64476048,2.55066149 48.64476075,2.55072258 48.64476008,2.55078909 48.64476033,2.5508744 48.64478404,2.55114778 48.64487952,2.55128179 48.6449223,2.55139004 48.64496229,2.55145109 48.64496611,2.5515244 48.64496549,2.55165199 48.64496507,2.55174294 48.64496541)"
troncon_de_route.TRONROUT0000000039834669,83,84,0,"LINESTRING(2.55237058 48.64284045,2.55229945 48.64306326,2.55222703 48.64327797,2.55216144 48.64348821,2.55211304 48.64359237,2.55201111 48.64376649,2.55192648 48.64398025,2.55186053 48.64423096,2.55180114 48.64450869,2.55175991 48.64472711,2.55174796 48.64485389,2.55174294 48.64496541)"
troncon_de_route.TRONROUT0000000232984963,49,51,0,"LINESTRING(2.54365945 48.63954041,2.54346871 48.63946772,2.54335661 48.63940522,2.54327284 48.63936173,2.54326474 48.6393563,2.54323235 48.63933549)"
troncon_de_route.TRONROUT0000000233778713,85,86,0,"LINESTRING(2.55610655 48.63925282,2.55596527 48.63926848)"
troncon_de_route.TRONROUT0000000233778714,87,88,0,"LINESTRING(2.55412652 48.63891171,2.5541498 48.63888841,2.55419346 48.63886069,2.55457152 48.63877305,2.55474161 48.63872241,2.55480977 48.63868669,2.55484122 48.63865982,2.55484687 48.63863286,2.55481225 48.63855537,2.55467706 48.63833269)"
troncon_de_route.TRONROUT0000000233778716,87,89,0,"LINESTRING(2.55412652 48.63891171,2.55410492 48.63889904,2.55406425 48.63889259,2.55399637 48.63889503,2.5537748 48.63893468,2.55353841 48.63896258,2.55323831 48.63898034,2.5531597 48.63896745,2.55308255 48.63894198,2.55303667 48.63891122,2.55302061 48.63888418,2.55286391 48.63863892)"
troncon_de_route.TRONROUT0000000233778717,87,90,0,"LINESTRING(2.55412652 48.63891171,2.55420829 48.63903255,2.55423641 48.63907673)"
troncon_de_route.TRONROUT0000000233778718,90,32,0,"LINESTRING(2.55423641 48.63907673,2.55393582 48.63915206,2.55363408 48.6392022,2.55323726 48.63926188,2.55318299 48.63925898,2.55310973 48.63925601,2.55299147 48.63927715,2.55290025 48.63931009,2.55275906 48.63931406,2.55260589 48.639291,2.55246348 48.63927877,2.55229932 48.63927096,2.55208612 48.63928455,2.55178852 48.6393266,2.5515657 48.63935365,2.55131311 48.63937069,2.5511717 48.63940074,2.550999 48.63943877,2.55086319 48.63944815,2.55059576 48.63945434,2.55044901 48.63947357,2.55032252 48.63950458,2.55018079 48.63957151,2.55007734 48.6396062,2.54999584 48.63961398,2.5499538 48.63961023,2.54992136 48.63959481,2.54988764 48.6395704,2.54982402 48.63954947,2.54974826 48.6395213,2.54966684 48.63952009)"
troncon_de_route.TRONROUT0000000233778719,90,91,0,"LINESTRING(2.55423641 48.63907673,2.55456967 48.63899072,2.55473969 48.63894818)"
troncon_de_route.TRONROUT0000000233778720,92,93,0,"LINESTRING(2.55616085 48.63925212,2.55626778 48.6392867)"
troncon_de_route.TRONROUT0000000233778723,94,95,0,"LINESTRING(2.55619589 48.64088125,2.55611484 48.64083598,2.55602452 48.64076368,2.5559614 48.64068429,2.55592284 48.6405897,2.55588504 48.64056527,2.5557417 48.64050267,2.55561553 48.6404959,2.55529052 48.64056935,2.55513347 48.640683,2.55508585 48.64069631,2.5550329 48.64069791,2.5549489 48.64067961)"
troncon_de_route.TRONROUT0000000233778724,96,97,0,"LINESTRING(2.5533308 48.64054673,2.55321984 48.64050673,2.55306282 48.64045757,2.55282838 48.64041441,2.55242688 48.64038502,2.55182969 48.64038368,2.55160978 48.64038735,2.55137167 48.64045571,2.55124098 48.64050109)"
troncon_de_route.TRONROUT0000000233778727,42,41,0,"LINESTRING(2.5512514 48.6405524,2.55127973 48.64073061)"
troncon_de_route.TRONROUT0000000233778728,92,85,0,"LINESTRING(2.55616085 48.63925212,2.55610655 48.63925282)"
troncon_de_route.TRONROUT0000000233778729,95,96,0,"LINESTRING(2.5549489 48.64067961,2.55476727 48.64065105,2.55462768 48.64062624,2.55451764 48.64063842,2.55436301 48.64062705,2.55397388 48.64057792,2.55380712 48.64055661,2.55367292 48.64053631,2.55353313 48.64053579,2.5533308 48.64054673)"
troncon_de_route.TRONROUT0000000233778730,96,26,0,"LINESTRING(2.5533308 48.64054673,2.55331946 48.64060335)"
troncon_de_route.TRONROUT0000000233778732,86,91,0,"LINESTRING(2.55596527 48.63926848,2.55578309 48.63930468,2.55561712 48.63934994,2.55545529 48.63938712,2.55526903 48.6394242,2.55520526 48.63942216,2.55517278 48.63941125,2.55508256 48.63932726,2.55501919 48.63927755,2.55494894 48.63923861,2.55491384 48.63921689,2.55489239 48.63918622,2.55487786 48.63913849,2.55485277 48.63905655,2.554818 48.63899615,2.5547843 48.63896904,2.55473969 48.63894818)"
troncon_de_route.TRONROUT0000000233778733,91,98,0,"LINESTRING(2.55473969 48.63894818,2.55475737 48.63894375,2.55515171 48.63885617,2.55528374 48.63881169,2.55534777 48.63878405,2.55564685 48.63872579,2.55609834 48.63862134,2.55623719 48.63857238,2.55637896 48.63849915,2.55647572 48.63845273,2.55654911 48.63844041,2.55671097 48.63839964,2.55686311 48.63838401,2.55708293 48.63839023,2.55722407 48.63839165,2.55737895 48.63837334,2.55745083 48.638379,2.55749701 48.63837468,2.55766683 48.63835552,2.55779705 48.6383641,2.55805321 48.63840553,2.55814017 48.63839415)"
troncon_de_route.TRONROUT0000000233778743,34,99,1,"LINESTRING(2.5484217 48.63895229,2.54841551 48.6388839,2.54846764 48.63881934,2.54855889 48.6387828,2.54864573 48.63878583)"
troncon_de_route.TRONROUT0000000238977870,22,100,1,"LINESTRING(2.54920135 48.64298052,2.54916945 48.64290124,2.54916872 48.64282928,2.5491884 48.6427502)"
troncon_de_route.TRONROUT0000000238977871,38,101,1,"LINESTRING(2.54950926 48.64253103,2.54960576 48.64251611,2.54971439 48.64251112,2.54981741 48.6425277)"
troncon_de_route.TRONROUT0000000238977872,5,22,1,"LINESTRING(2.54954441 48.64317791,2.54942935 48.64314149,2.54934555 48.6431007,2.54926727 48.64304823,2.54920135 48.64298052)"
troncon_de_route.TRONROUT0000000238977873,3,6,1,"LINESTRING(2.55016532 48.64295088,2.55012409 48.64301009,2.55007474 48.64306658,2.54999685 48.64312655,2.54990556 48.64316758)"
troncon_de_route.TRONROUT0000000238977874,8,3,1,"LINESTRING(2.55014697 48.64271694,2.55018968 48.64280076,2.55019453 48.64286824,2.55016532 48.64295088)"
troncon_de_route.TRONROUT0000000238977875,101,8,1,"LINESTRING(2.54981741 48.6425277,2.54992839 48.6425641,2.55001624 48.64260851,2.55009043 48.64266186,2.55014697 48.64271694)"
troncon_de_route.TRONROUT0000000238977876,100,38,1,"LINESTRING(2.5491884 48.6427502,2.5492296 48.64269459,2.5492789 48.6426435,2.54933901 48.64259875,2.54941808 48.64255947,2.54950926 48.64253103)"
troncon_de_route.TRONROUT0000000238977881,6,5,1,"LINESTRING(2.54990556 48.64316758,2.54979138 48.64318604,2.54967325 48.64319099,2.54954441 48.64317791)"
troncon_de_route.TRONROUT0000000246102284,71,72,0,"LINESTRING(2.54000801 48.6423688,2.54000663 48.6423706,2.53992604 48.64242875,2.53981574 48.6424688,2.53963756 48.64251129,2.53954896 48.64255323,2.53943141 48.64264632,2.53924554 48.64279132,2.53877142 48.64314569,2.53853212 48.64334625,2.5380768 48.64372228,2.53790619 48.64382866,2.53784503 48.64383742)"
troncon_de_route.TRONROUT0000000246102300,46,67,0,"LINESTRING(2.54133337 48.63904664,2.5414307 48.63909199,2.54153752 48.63913738,2.54158217 48.63915374,2.54162961 48.63916112)"
troncon_de_route.TRONROUT0000000246102318,102,103,0,"LINESTRING(2.55300281 48.64303442,2.55385822 48.64315996,2.55472178 48.64328552,2.55522476 48.64335576,2.55540224 48.6433951,2.55548192 48.64344307,2.55554366 48.64352516,2.55557834 48.64359725,2.55559812 48.64366478,2.55559874 48.64375204,2.55561588 48.64381147,2.55565478 48.64386648,2.55572774 48.64390633,2.55586052 48.64393381,2.5560965 48.64395808,2.55616839 48.64396464)"
troncon_de_route.TRONROUT0000000246102322,42,36,0,"LINESTRING(2.5512514 48.6405524,2.55118763 48.64054947,2.55108447 48.64055088,2.5507844 48.64056324,2.55052103 48.64057034,2.55032955 48.64058221,2.55018972 48.64058618,2.549948 48.64060056,2.54971714 48.64061408,2.54965335 48.64061384)"
troncon_de_route.TRONROUT0000000246102324,0,83,1,"LINESTRING(2.55607245 48.64327257,2.55584199 48.64323933,2.55321334 48.64285801,2.55283892 48.64283412,2.55271676 48.64283366,2.55237058 48.64284045)"
troncon_de_route.TRONROUT0000000246102338,104,105,0,"LINESTRING(2.54400645 48.64083882,2.54381238 48.64083628,2.54361957 48.64084544,2.54328802 48.64088824,2.54321062 48.64089155,2.54314824 48.64088591,2.54309953 48.64086773,2.54306443 48.64084601,2.54300341 48.64083948,2.54296143 48.64082852,2.54292508 48.6407951,2.54284972 48.64072015,2.54279047 48.64066686,2.54274041 48.64064867,2.54268207 48.64064575,2.54259651 48.64065172,2.5425203 48.64067481,2.54244946 48.64070513,2.54231867 48.64076129,2.54218544 48.64078507,2.54194095 48.64080572,2.54171694 48.64081295,2.54158537 48.64080255,2.54151357 48.64078698)"
troncon_de_route.TRONROUT0000000246102342,29,37,0,"LINESTRING(2.5508969 48.64168804,2.55056816 48.64172008,2.55029108 48.64174242,2.54994078 48.64175549,2.5499177 48.64175631,2.54970043 48.64176718)"
troncon_de_route.TRONROUT0000000246102346,1,106,1,"LINESTRING(2.55610575 48.64318814,2.5561387 48.64314419,2.55619066 48.64309851,2.55628058 48.64305926,2.55634591 48.64303792,2.5564071 48.64302555,2.55649946 48.6430187)"
troncon_de_route.TRONROUT0000000246102352,107,13,1,"LINESTRING(2.54419581 48.64294079,2.54439675 48.64293436,2.54477009 48.64292679)"
troncon_de_route.TRONROUT0000000246102356,15,107,1,"LINESTRING(2.54333 48.64292038,2.5434492 48.64294872,2.5436215 48.64295838,2.54416051 48.64294155,2.54419581 48.64294079)"
troncon_de_route.TRONROUT0000000246102357,108,0,1,"LINESTRING(2.55623056 48.64351602,2.55618469 48.64348257,2.55613886 48.64344552,2.5560999 48.6433977,2.55607603 48.64333105,2.55607245 48.64327257)"
troncon_de_route.TRONROUT0000000246102361,11,1,1,"LINESTRING(2.55138708 48.64277469,2.55167624 48.64276948,2.55219888 48.64276155,2.55271209 48.64274549,2.55283967 48.64274597,2.55322631 48.6427699,2.5558753 48.6431531,2.55610575 48.64318814)"
troncon_de_route.TRONROUT0000000246102362,109,33,1,"LINESTRING(2.54878355 48.63885741,2.54880896 48.63890158,2.54879621 48.6389627,2.5487716 48.6389842)"
troncon_de_route.TRONROUT0000000246102363,37,101,1,"LINESTRING(2.54970043 48.64176718,2.54971454 48.64217831,2.54972021 48.64230786,2.54972151 48.64231506,2.54975055 48.64240961,2.54981741 48.6425277)"
troncon_de_route.TRONROUT0000000246102417,39,110,0,"LINESTRING(2.54966264 48.64000761,2.54975079 48.64001604,2.54988211 48.64005521,2.55002713 48.64007915,2.55008136 48.64008655,2.55021861 48.64006728,2.55031118 48.64003524,2.55046926 48.63996028,2.55057531 48.63993909,2.55075454 48.63993077,2.55090106 48.63993852,2.55095384 48.63995581,2.55098474 48.63999371,2.55100082 48.64001716,2.55100351 48.64002076,2.55102915 48.64003795,2.55106555 48.64006687,2.55108833 48.64010024,2.55108964 48.64010654,2.55108652 48.64031162,2.55108478 48.64035658,2.55109112 48.64040788,2.55110582 48.64043492,2.5511354 48.64046741)"
troncon_de_route.TRONROUT0000000246102427,105,71,0,"LINESTRING(2.54151357 48.64078698,2.54084347 48.64136008,2.54052586 48.64167009,2.54030272 48.64188601,2.54015632 48.64201857,2.54011251 48.64206158,2.54009587 48.64210109,2.54006756 48.64223411,2.54004095 48.64232665,2.54000801 48.6423688)"
troncon_de_route.TRONROUT0000000246102441,111,112,0,"LINESTRING(2.54521309 48.63990076,2.54524927 48.63995486)"
troncon_de_route.TRONROUT0000000246102442,113,112,0,"LINESTRING(2.54530831 48.64003245,2.54524927 48.63995486)"
troncon_de_route.TRONROUT0000000246102443,104,114,0,"LINESTRING(2.54400645 48.64083882,2.54401864 48.6411537,2.54403782 48.6412887,2.54408228 48.64132665)"
troncon_de_route.TRONROUT0000000246102447,97,42,0,"LINESTRING(2.55124098 48.64050109,2.5512514 48.6405524)"
troncon_de_route.TRONROUT0000000246102455,113,115,0,"LINESTRING(2.54530831 48.64003245,2.54546292 48.64020304,2.54557469 48.64030511)"
troncon_de_route.TRONROUT0000000246102457,115,116,0,"LINESTRING(2.54557469 48.64030511,2.54565808 48.64039178)"
troncon_de_route.TRONROUT0000000246102463,117,105,0,"LINESTRING(2.54157098 48.64074043,2.54151357 48.64078698)"
troncon_de_route.TRONROUT0000000246102464,118,68,0,"LINESTRING(2.54609107 48.63976378,2.54607944 48.63969717,2.54605675 48.63965211,2.54602872 48.63959803,2.54598202 48.63950521)"
troncon_de_route.TRONROUT0000000246102466,63,119,0,"LINESTRING(2.54248027 48.63904386,2.54275904 48.63882725,2.54282816 48.63883831)"
troncon_de_route.TRONROUT0000000246102477,97,110,0,"LINESTRING(2.55124098 48.64050109,2.55120572 48.64049736,2.5511354 48.64046741)"
troncon_de_route.TRONROUT0000000246102490,33,120,0,"LINESTRING(2.5487716 48.6389842,2.5488583 48.63900342,2.54892032 48.63905132,2.54892966 48.63906935,2.54894066 48.63921061)"
troncon_de_route.TRONROUT0000000246102492,118,121,0,"LINESTRING(2.54609107 48.63976378,2.54656784 48.63972152,2.54693315 48.63969772,2.54709199 48.63969203,2.54744776 48.63967269,2.54770862 48.6396422,2.5478457 48.63964272,2.54800705 48.63966133,2.54824467 48.63965053,2.54841744 48.63960351,2.5484883 48.6395714,2.54865893 48.63945871,2.54870381 48.63944809,2.54884346 48.63946481,2.54892485 48.63946961,2.54932156 48.63942434,2.54939894 48.63942283,2.54943959 48.63943018,2.54948705 48.63943576,2.54953315 48.63944043,2.54953814 48.63949172,2.54953518 48.63952049,2.54959895 48.63952253)"
troncon_de_route.TRONROUT0000000246102505,118,111,0,"LINESTRING(2.54609107 48.63976378,2.54595374 48.63979204,2.54579072 48.63980941,2.54555177 48.63981749,2.54540766 48.63984573,2.54521309 48.63990076)"
troncon_de_route.TRONROUT0000000246102507,61,48,0,"LINESTRING(2.54443222 48.63886064,2.54448456 48.63892831,2.54458643 48.63907621,2.54462021 48.63909343,2.54465138 48.63909895,2.54467301 48.63910893,2.5446999 48.63913781,2.54481217 48.63933703,2.54485109 48.63938845)"
troncon_de_route.TRONROUT0000000246102508,114,122,0,"LINESTRING(2.54408228 48.64132665,2.54422349 48.64132089,2.5452214 48.64128782,2.54536994 48.64121913,2.54539177 48.64120662,2.54543943 48.64118881,2.54570293 48.64116733,2.54591194 48.64116812,2.5460041 48.64118467,2.5461042 48.64122373,2.54621934 48.64125025,2.54634682 48.64126243,2.54720212 48.6412387,2.54725226 48.64124788,2.54729552 48.64126874,2.54732115 48.64128682,2.54734377 48.64133908)"
troncon_de_route.TRONROUT0000000246102524,123,14,0,"LINESTRING(2.54740325 48.642622,2.54741088 48.64283881,2.54741197 48.64287029)"
troncon_de_route.TRONROUT0000000246102526,122,123,0,"LINESTRING(2.54734377 48.64133908,2.54740325 48.642622)"
troncon_de_route.TRONROUT0000000246102527,111,124,0,"LINESTRING(2.54521309 48.63990076,2.54502109 48.63997288,2.54493662 48.64000944,2.54483197 48.64002613,2.54458321 48.64006926,2.54425512 48.64018314,2.54415176 48.64020703,2.5438338 48.64024809,2.54364467 48.64030223,2.54335791 48.64034431,2.54298571 48.64037976,2.54268935 48.6404344,2.54254134 48.64044192,2.54243305 48.64040823,2.54234807 48.64034763,2.5423212 48.64031695,2.54225559 48.64021415,2.54223684 48.64018529)"
troncon_de_route.TRONROUT0000000246102529,116,125,0,"LINESTRING(2.54565808 48.64039178,2.54578574 48.64053979,2.54582314 48.64060919,2.54582286 48.64064157,2.54580764 48.6406748,2.54578162 48.64070168,2.54572165 48.64073024,2.54563884 48.64073262,2.54555747 48.64072512,2.54548281 48.64072573,2.54540958 48.64071826,2.54536353 48.64070729,2.54529843 48.64070164,2.54524275 48.64070503,2.54521553 48.64071302,2.54518833 48.64072011,2.54513404 48.6407199,2.5450703 48.64071336,2.54477702 48.64072573,2.54474157 48.64074449,2.54470073 48.64075783,2.54464102 48.6407576,2.54460447 48.64074576,2.54452853 48.64073828,2.54421487 48.64075327,2.54418489 48.64076665,2.54416839 48.64079087,2.54414354 48.64083845)"
troncon_de_route.TRONROUT0000000246102531,126,13,0,"LINESTRING(2.5447684 48.64280895,2.54477009 48.64292679)"
troncon_de_route.TRONROUT0000000246102532,127,126,0,"LINESTRING(2.54438931 48.64269776,2.54476539 48.64268661,2.5447684 48.64280895)"
troncon_de_route.TRONROUT0000000246102537,107,126,0,"LINESTRING(2.54419581 48.64294079,2.5442056 48.64290754,2.54422623 48.64287704,2.5442794 48.64285026,2.54433933 48.6428262,2.54438556 48.64281648,2.5447684 48.64280895)"
troncon_de_route.TRONROUT0000000246102538,126,123,0,"LINESTRING(2.5447684 48.64280895,2.54522192 48.6427891,2.54534981 48.6427554,2.5454055 48.64275022,2.54710651 48.64271982,2.54710327 48.64262356,2.54740325 48.642622)"
troncon_de_route.TRONROUT0000000246102539,114,127,0,"LINESTRING(2.54408228 48.64132665,2.54408692 48.64141751,2.5441458 48.64260508,2.5441535 48.64265638,2.54419396 48.64268622,2.54423458 48.64269717,2.54428478 48.64270006,2.54433501 48.64269846,2.54438931 48.64269776)"
troncon_de_route.TRONROUT0000000246103371,128,92,0,"LINESTRING(2.55629938 48.63924094,2.55616085 48.63925212)"
troncon_de_route.TRONROUT0000000246103437,40,121,1,"LINESTRING(2.54958428 48.63980762,2.54958952 48.63967272,2.54959895 48.63952253)"
troncon_de_route.TRONROUT0000000246103510,51,62,0,"LINESTRING(2.54323235 48.63933549,2.54377243 48.63888061)"
troncon_de_route.TRONROUT0000000246103512,124,51,0,"LINESTRING(2.54223684 48.64018529,2.54323235 48.63933549)"
troncon_de_route.TRONROUT0000000246103513,9,12,1,"LINESTRING(2.55091463 48.6427855,2.55094861 48.64262192,2.55096876 48.64248887)"
troncon_de_route.TRONROUT0000000246103516,26,129,0,"LINESTRING(2.55331946 48.64060335,2.5535852 48.64063673,2.55379247 48.64068338,2.55389401 48.64071255,2.55410406 48.64075201,2.55424922 48.64075975,2.55455436 48.64078967,2.5548284 48.64080419,2.55508873 48.64083665,2.55524056 48.6408579,2.5555753 48.64091852,2.55622569 48.64104867,2.55688734 48.64113299,2.55711647 48.64116263,2.55724115 48.64118468,2.55730485 48.64119571,2.55743491 48.64122408)"
troncon_de_route.TRONROUT0000000246103765,32,121,0,"LINESTRING(2.54966684 48.63952009,2.54959895 48.63952253)"
troncon_de_route.TRONROUT0000000246131832,79,77,0,"LINESTRING(2.53901294 48.6419233,2.5391115 48.64198305,2.53944925 48.64216156,2.53955061 48.64221232,2.53965762 48.64223702)"
troncon_de_route.TRONROUT0000000247244865,125,104,0,"LINESTRING(2.54414354 48.64083845,2.54400645 48.64083882)"
troncon_de_route.TRONROUT0000000247244866,125,30,0,"LINESTRING(2.54414354 48.64083845,2.5443118 48.64084359,2.54458726 48.64085184,2.54485203 48.64084026,2.54511698 48.64080889,2.54534386 48.64078457,2.54561672 48.64077841,2.54635126 48.64075063,2.54663354 48.6407544,2.54673947 48.64074761,2.54731782 48.64073002,2.54776857 48.64071464,2.54803611 48.64069677,2.54819233 48.64068207,2.54842725 48.64066946,2.5486377 48.64066127,2.54887666 48.64065138,2.54939803 48.64063176,2.54952292 48.64062954,2.54957723 48.64062704)"
troncon_de_route.TRONROUT0000000247881261,121,130,1,"LINESTRING(2.54959895 48.63952253,2.54958824 48.63918968,2.54957452 48.6390493,2.54952853 48.63887372,2.54950346 48.63878998,2.5494716 48.638708,2.54944895 48.63865844,2.54939238 48.63860786)"
troncon_de_route.TRONROUT0000000247881262,131,32,1,"LINESTRING(2.54950394 48.63826197,2.54947058 48.63835359,2.54945616 48.63845158,2.54947845 48.63854252,2.54952239 48.63864163,2.54960324 48.63886681,2.54964386 48.63903607,2.54967242 48.6391864,2.5496762 48.63937801,2.54966684 48.63952009)"
troncon_de_route.TRONROUT0000000288134526,124,132,0,"LINESTRING(2.54223684 48.64018529,2.54171178 48.64062673)"
troncon_de_route.TRONROUT0000000288134527,132,117,0,"LINESTRING(2.54171178 48.64062673,2.54157098 48.64074043)"
troncon_de_route.TRONROUT0000000288134528,76,133,0,"LINESTRING(2.54088797 48.64123882,2.54149383 48.64071584)"
troncon_de_route.TRONROUT0000000288134529,133,45,0,"LINESTRING(2.54149383 48.64071584,2.54154988 48.64067019,2.54159226 48.64063527,2.54165112 48.64057883)"
troncon_de_route.TRONROUT0000000296096550,134,135,0,"LINESTRING(2.53901315 48.63542797,2.53901951 48.63547657,2.53901655 48.63550444,2.5389917 48.63555202,2.53896027 48.63557618,2.53887992 48.63560825,2.53876703 48.6356366,2.53809824 48.63575724,2.53753549 48.6358576,2.53697685 48.63595348,2.53646848 48.63604325,2.53634603 48.63607786,2.53626962 48.63612343,2.53620939 48.63618167,2.5361749 48.6362445,2.53613887 48.63632891,2.53611498 48.63642057,2.53611012 48.6365105,2.53609915 48.63667597,2.53608779 48.63688551,2.53599336 48.63835134,2.53595434 48.63892507,2.53594548 48.63915981,2.5359449 48.63937749,2.53595298 48.63984436,2.53595644 48.63991364)"
troncon_de_route.TRONROUT0000000296096551,20,136,0,"LINESTRING(2.54261126 48.64284657,2.54180605 48.64241621,2.54174545 48.642362,2.54175949 48.64230809,2.54206865 48.64203313,2.54207434 48.64200437,2.54206918 48.64197286,2.54201248 48.64193757,2.54133029 48.64156615)"
troncon_de_route.TRONROUT0000000296096552,20,15,1,"LINESTRING(2.54261126 48.64284657,2.54264407 48.64281971,2.54273271 48.64277237,2.54287276 48.64274413,2.54298275 48.64273915,2.5430722 48.64275479,2.54316423 48.64278572,2.54323181 48.64281836,2.54329652 48.64286898,2.54333 48.64292038)"
troncon_de_route.TRONROUT0000000347692298,14,137,1,"LINESTRING(2.54741197 48.64287029,2.54781787 48.64286374,2.54791563 48.64285961)"
troncon_de_route.TRONROUT0000000347692300,138,137,0,"LINESTRING(2.54933376 48.64100211,2.54934296 48.64214092,2.54928373 48.64224144,2.54920725 48.64229512,2.54905292 48.64240608,2.5488897 48.64244594,2.548139 48.64245658,2.54799078 48.6424875,2.54792229 48.6425601,2.54791055 48.64281912,2.54791563 48.64285961)"
troncon_de_route.TRONROUT0000000351568903,137,100,1,"LINESTRING(2.54791563 48.64285961,2.54815052 48.64285151,2.54852796 48.64284035,2.54884838 48.64282987,2.54889318 48.64282914,2.54897339 48.64281415,2.54906047 48.64279019,2.5491884 48.6427502)"
troncon_de_route.TRONROUT0000002000120902,139,140,1,"LINESTRING(2.54029535 48.64303374,2.54035748 48.64306906,2.5409037 48.64315842,2.54127774 48.64322553,2.54131354 48.64363224,2.54133202 48.64384639,2.54134348 48.64393369,2.54133781 48.64396065,2.54131865 48.64397857,2.54128322 48.64399462,2.54124113 48.64399536,2.54074389 48.6438918,2.53982785 48.64371556,2.53900132 48.64355046,2.53874657 48.6435009,2.53883223 48.64333032,2.53889386 48.6432685,2.53911955 48.64307148,2.53923983 48.6429775,2.53934235 48.64289514,2.53940235 48.64286389,2.53945808 48.64285511,2.54010835 48.64299794,2.54029535 48.64303374)"
troncon_de_route.TRONROUT0000002000120903,70,139,0,"LINESTRING(2.54063078 48.64270582,2.54029711 48.64298788,2.54029139 48.64302114,2.54029535 48.64303374)"
troncon_de_route.TRONROUT0000002000120904,141,21,0,"LINESTRING(2.54133506 48.64303595,2.54161318 48.64305141,2.54202859 48.64304402,2.5421114 48.64304254)"
troncon_de_route.TRONROUT0000002005253820,142,143,0,"LINESTRING(2.54164771 48.64034854,2.5416393 48.64037909,2.54162251 48.64043659,2.5416372 48.64046363,2.54169535 48.64048815)"
troncon_de_route.TRONROUT0000002005253821,47,142,0,"LINESTRING(2.54155043 48.64029779,2.54159366 48.64032135,2.54164771 48.64034854)"
troncon_de_route.TRONROUT0000002005253823,144,143,0,"LINESTRING(2.54213426 48.64011924,2.54206864 48.64017385,2.54169535 48.64048815)"
troncon_de_route.TRONROUT0000002005253824,67,144,0,"LINESTRING(2.54162961 48.63916112,2.54166131 48.63926019,2.54223279 48.63956192,2.54223806 48.63957993,2.54222023 48.63960145,2.54209301 48.6397152,2.5420928 48.63973949,2.54209887 48.63982047,2.5421226 48.63990061,2.54211401 48.63995185,2.54210147 48.63998868,2.54205465 48.64006586,2.54213426 48.64011924)"
troncon_de_route.TRONROUT0000002005253825,44,124,0,"LINESTRING(2.54216397 48.64013644,2.54223684 48.64018529)"
troncon_de_route.TRONROUT0000002005253826,52,44,0,"LINESTRING(2.54319068 48.63928855,2.5427217 48.63968343,2.54216397 48.64013644)"
troncon_de_route.TRONROUT0000002005253827,144,44,0,"LINESTRING(2.54213426 48.64011924,2.54216397 48.64013644)"
troncon_de_route.TRONROUT0000002205799252,141,145,0,"LINESTRING(2.54133506 48.64303595,2.54134913 48.64313315,2.54136754 48.64320159,2.54138537 48.64333478,2.54146734 48.6440493)"
troncon_de_route.TRONROUT0000002205799253,70,141,0,"LINESTRING(2.54063078 48.64270582,2.54081725 48.64280189,2.54082264 48.6428055,2.54116717 48.64298763,2.5412687 48.64301861,2.54133506 48.64303595)"
troncon_de_route.TRONROUT0000002207439532,80,146,0,"LINESTRING(2.5398443 48.6412276,2.54019028 48.6409339)"
troncon_de_route.TRONROUT0000002207536158,36,30,0,"LINESTRING(2.54965335 48.64061384,2.54957723 48.64062704)"
troncon_de_route.TRONROUT0000002207536159,28,39,1,"LINESTRING(2.54966333 48.63992755,2.54966264 48.64000761)"
