3314657.06154436,9023700.88830904,1412412627743,133
3314657.50682232,9023701.13090675,1412412631724,132
3314657.72946131,9023702.10129764,1412412632742,132
3314657.50682232,9023702.58649314,1412412634729,132
3314654.38987658,9023705.01247112,1412412636726,132
3314652.38612575,9023706.4680583,1412412638729,132
3314652.05216727,9023706.4680583,1412412640733,132
3314652.27480626,9023706.7106562,1412412642739,133
3314652.72008422,9023706.95325409,1412412644737,133
3314651.94084778,9023706.95325409,1412412646738,136
3314651.94084778,9023706.95325409,1412412648739,135
3314651.94084778,9023707.195852,1412412650729,135
3314652.38612575,9023706.95325409,1412412652729,135
3314652.27480626,9023707.195852,1412412654736,135
3314652.27480626,9023707.43844992,1412412656720,135
3314652.27480626,9023707.43844992,1412412658731,135
3314652.38612575,9023707.43844992,1412412660737,135
3314652.49744524,9023707.43844992,1412412662733,135
3314653.05404269,9023707.43844992,1412412664729,136
3314653.38800116,9023707.68104784,1412412666722,137
3314653.49932066,9023707.92364578,1412412668728,138
3314653.61064015,9023708.16624371,1412412670731,138
3314653.72195964,9023708.65143962,1412412672737,138
3314653.83327913,9023708.89403759,1412412674737,138
3314653.94459862,9023708.89403759,1412412676723,138
3314654.05591811,9023709.13663556,1412412678738,138
3314654.1672376,9023709.13663556,1412412680738,139
3314654.1672376,9023709.37923354,1412412682774,139
3314654.27855709,9023709.62183154,1412412684771,139
3314654.38987658,9023709.62183154,1412412686742,139
3314654.38987658,9023709.86442953,1412412688752,139
3314654.38987658,9023709.86442953,1412412690768,139
3314654.38987658,9023709.86442953,1412412692734,139
3314654.38987658,9023709.86442953,1412412694746,139
3314654.38987658,9023709.86442953,1412412696711,139
3314653.49932066,9023710.83482161,1412412698715,139
3314650.82765288,9023718.11276636,1412412700731,139
3314653.61064015,9023729.27229598,1412412702705,139
3314661.06904603,9023742.6152346,1412412704721,139
3314671.75571714,9023754.2600013,1412412706709,136
3314683.55558317,9023769.05858624,1412412708722,136
3314696.91392206,9023779.97559469,1412412710709,134
3314710.04962198,9023793.31862755,1412412712719,135
3314720.17969564,9023804.72087529,1412412714721,132
3314730.97768625,9023819.51956426,1412412716722,132
3314741.99831584,9023831.64965993,1412412718721,132
3314752.23970899,9023844.26498118,1412412720723,133
3314763.81693603,9023854.45429529,1412412722720,134
3314773.27909275,9023863.18800462,1412412724713,134
3314783.74312488,9023869.25308679,1412412726720,133
3314795.98826887,9023878.7146252,1412412728723,134
3314806.452301,9023888.90398822,1412412730719,134
3314816.47105518,9023897.15253077,1412412732712,133
3314829.82939407,9023908.79754816,1412412734717,134
3314843.52169144,9023917.77392863,1412412736719,134
3314853.76308459,9023925.29468847,1412412738710,133
3314863.44788029,9023932.33024513,1412412740709,131
3314872.79871752,9023939.3658087,1412412742719,131
3314883.70802762,9023949.3126517,1412412744710,131
3314895.39657415,9023954.64998777,1412412746711,129
3314907.64171814,9023953.92216899,1412412748710,130
3314919.99818161,9023949.79786391,1412412750709,129
3314928.90374088,9023950.04047002,1412412752714,131
3314942.59603824,9023951.73871306,1412412754716,133
3314952.28083394,9023953.19435028,1412412756721,133
3314962.07694913,9023951.01089457,1412412758725,131
3314972.31834229,9023948.09962133,1412412760737,129
3314979.55410919,9023943.73271368,1412412762740,128
3314990.90869725,9023940.33623179,1412412764714,129
3315004.60099462,9023939.60841446,1412412766717,131
3315014.39710981,9023938.63799145,1412412768719,129
3315024.193225,9023938.15278001,1412412770718,128
3315032.20822833,9023937.42496289,1412412772731,127
3315042.22698251,9023935.24151198,1412412774724,125
3315051.68913922,9023931.84503411,1412412776727,125
3315061.26261543,9023930.14679578,1412412778724,125
3315067.49650691,9023928.44855785,1412412780714,126
3315077.73790007,9023928.44855785,1412412782715,125
3315087.86797373,9023927.47813636,1412412784713,125
3315097.21881096,9023924.80947792,1412412786725,125
3315107.01492615,9023924.3242674,1412412788715,124
3315113.91673458,9023924.80947792,1412412790718,123
3315139.52021746,9023919.22955895,1412412792728,124
3315160.22564275,9023919.95737423,1412412794726,125
3315178.81599771,9023920.68518957,1412412796715,124
3315186.71968155,9023919.22955895,1412412798718,123
3315196.40447725,9023919.47216404,1412412800719,123
3315216.66462458,9023922.14082048,1412412802726,126
3315230.35692195,9023933.30066729,1412412804716,130
3315245.94165066,9023940.33623179,1412412806713,133
3315257.18491923,9023941.54926085,1412412808713,131
3315266.75839543,9023948.34222738,1412412810714,134
3315281.34124873,9023950.04047002,1412412812715,135
3315291.47132239,9023949.5552578,1412412814710,134
3315307.0560511,9023951.25350072,1412412816715,134
3315319.96911203,9023954.64998777,1412412818711,133
3315340.45189834,9023956.83344459,1412412820724,130
3315355.59134909,9023960.47254074,1412412822714,130
3315372.73455067,9023964.11163876,1412412824715,128
3315390.10039123,9023966.78031179,1412412826712,126
3315404.57192504,9023967.02291849,1412412828711,125
3315414.03408175,9023969.20637906,1412412830713,125
3315420.37929273,9023974.30112298,1412412832719,125
3315426.16790625,9023991.52623636,1412412834720,129
3315425.16603083,9024005.11227043,1412412836709,129
3315425.16603083,9024017.97050493,1412412838723,129
3315425.6113088,9024029.85832713,1412412840708,129
3315428.83957403,9024041.98877824,1412412842711,128
3315430.84332486,9024053.87664022,1412412844711,126
3315432.17915875,9024070.61672414,1412412846710,127
3315431.06596385,9024081.5341912,1412412848711,127
3315429.73012996,9024095.84822873,1412412850717,131
3315432.62443672,9024105.06745446,1412412852722,130
3315437.29985533,9024107.25095702,1412412854716,127
3315441.75263496,9024113.80146869,1412412856717,128
3315449.7676383,9024117.925868,1412412858709,128
3315458.89583654,9024123.74855341,1412412860719,127
3315474.03528729,9024132.2399781,1412412862701,128
3315485.50119484,9024139.76096264,1412412864706,131
3315491.84640582,9024143.15753889,1412412866705,133
3315500.86328457,9024156.01602067,1412412868700,140
3315508.21037097,9024162.32396355,1412412870710,144
3315517.67252768,9024167.661458,1412412872710,147
3315530.02899116,9024175.91032087,1412412874710,148
3315541.04962075,9024181.73305332,1412412876703,147
3315554.18532066,9024187.79840464,1412412878700,146
3315565.20595025,9024189.98193237,1412412880716,144
3315577.45109424,9024194.10637545,1412412882712,142
3315585.80005605,9024198.23082089,1412412884713,141
3315593.03582295,9024202.35526871,1412412886700,141
3315598.15651953,9024208.1780226,1412412888709,143
3315601.60742374,9024210.36155653,1412412890702,144
3315604.94700846,9024211.57463123,1412412892704,145
3315611.62617791,9024210.11894162,1412412894701,143
3315614.74312365,9024208.66325231,1412412896699,144
3315618.52798634,9024208.66325231,1412412898700,143
3315623.31472445,9024205.75187457,1412412900710,141
3315627.87882357,9024203.08311269,1412412902711,141
3315632.3316032,9024202.84049802,1412412904711,142
3315644.91070566,9024203.56834205,1412412906708,143
3315659.15960048,9024203.08311269,1412412908701,143
3315670.84814701,9024202.11265407,1412412910696,143
3315683.87252744,9024197.01774845,1412412912686,143
3315690.3290579,9024193.13591803,1412412914705,142
3315695.89503244,9024190.46716085,1412412916702,143
3315697.00822735,9024189.01147551,1412412918711,143
3315698.67801971,9024185.85749166,1412412920698,143
3315704.35531374,9024181.73305332,1412412922697,142
3315706.02510611,9024181.49043938,1412412924707,142
3315705.02323069,9024182.46089521,1412412926692,143
3315707.2496205,9024184.64442131,1412412928707,142
3315713.48351199,9024190.95238935,1412412930701,142
3315723.94754412,9024195.07683299,1412412932705,142
3315737.08324404,9024192.16546077,1412412934693,141
3315749.55102701,9024188.04101879,1412412936696,140
3315768.69797942,9024177.85123117,1412412938695,136
3315780.38652596,9024174.69725221,1412412940722,135
3315790.85055809,9024165.72055047,1412412942692,135
3315798.64292245,9024158.19953873,1412412944695,133
3315806.54660629,9024151.40637361,1412412946704,132
3315815.89744352,9024146.06889124,1412412948688,129
3315834.2651595,9024139.76096264,1412412950697,130
3315843.28203825,9024133.45303959,1412412952690,129
3315852.74419497,9024126.90250998,1412412954693,127
3315863.65350507,9024118.65370343,1412412956699,125
3315882.5778185,9024109.19184874,1412412958691,125
3315893.26448962,9024099.2447842,1412412960686,125
3315911.40956662,9024087.84206863,1412412962691,125
3315919.75852843,9024077.65242323,1412412964687,124
3315931.55839445,9024068.1906226,1412412966688,122
3315941.9111071,9024061.15493278,1412412968688,121
3315951.4845833,9024054.11924985,1412412970686,118
3315961.169379,9024045.14269889,1412412972686,116
3315968.62778489,9024035.6809411,1412412974688,114
3315978.53521957,9024026.46180449,1412412976687,114
3315993.56335082,9024020.639198,1412412978686,112
3316005.36321685,9024015.54442119,1412412980691,112
3316017.05176338,9024008.99399918,1412412982682,113
3316021.39322352,9024004.62705448,1412412984682,111
3316027.18183704,9023996.13578074,1412412986683,113
3316031.41197769,9023986.18887286,1412412988692,119
3316034.9742014,9023972.84548149,1412412990693,119
3316039.98357849,9023959.74472137,1412412992698,122
3316043.4344827,9023946.64398515,1412412994694,120
3316046.55142844,9023933.54327285,1412412996692,120
3316052.56268094,9023923.59645169,1412412998687,125
3316058.12865548,9023912.92182969,1412413000698,126
3316064.91914442,9023897.63773946,1412413002683,126
3316064.0285885,9023891.81523745,1412413004693,126
3316065.58706137,9023889.38919634,1412413006688,127
3316070.48511896,9023886.72055207,1412413008683,128
3316072.71150878,9023884.29451269,1412413010684,130
3316073.93602318,9023883.0814933,1412413012695,130
3316078.94540026,9023879.44243637,1412413014696,129
3316083.39817989,9023879.19983264,1412413016696,129
3316092.9716561,9023881.86847412,1412413018691,131
3316103.65832722,9023885.99274017,1412413020670,133
3316114.90159579,9023885.75013621,1412413022672,133
3316121.69208473,9023886.72055207,1412413024669,133
3316127.59201774,9023884.53711658,1412413026679,133
3316134.60514566,9023881.3832665,1412413028671,132
3316144.51258034,9023871.19391416,1412413030668,129
3316151.63702775,9023861.2471794,1412413032668,127
3316159.87467007,9023846.44840442,1412413034678,124
3316165.99724206,9023836.74430623,1412413036671,122
3316171.45189711,9023832.13486419,1412413038668,120
3316178.57634452,9023832.37746633,1412413040667,118
3316189.15169615,9023835.0460904,1412413042677,120
3316195.16294865,9023825.09940573,1412413044674,120
3316204.84774435,9023819.27696255,1412413046676,122
3316213.75330361,9023804.47827409,1412413048678,116
3316221.43434848,9023798.41324664,1412413050672,114
3316233.2342145,9023788.22401208,1412413052673,112
3316242.02845427,9023779.00519327,1412413054675,109
3316250.71137456,9023772.69758721,1412413056667,108
3316261.50936516,9023771.24198661,1412413058664,107
3316275.535621,9023772.94018735,1412413060686,108
3316286.11097263,9023774.88098868,1412413062677,110
3316305.03528606,9023775.3661891,1412413064664,109
3316325.51807237,9023775.60878932,1412413066675,109
3316332.19724182,9023777.54959138,1412413068665,113
3316339.09905025,9023776.57919028,1412413070675,115
3316348.33856798,9023779.24779361,1412413072665,118
3316354.23850099,9023780.21819506,1412413074678,121
3316362.92142128,9023780.21819506,1412413076678,122
3316373.27413392,9023783.12940022,1412413078676,122
3316382.95892962,9023787.98141143,1412413080677,123
3316389.97205754,9023791.37782123,1412413082676,125
3316393.42296175,9023791.62042199,1412413085662,125
3316395.53803208,9023792.10562354,1412413087677,125
3316396.428588,9023795.50203529,1412413089670,125
3316395.09275412,9023799.38365069,1412413091673,128
3316393.08900328,9023805.69128019,1412413093677,128
3316391.97580837,9023816.85094596,1412413095682,127
3316393.42296175,9023834.80348817,1412413097685,130
3316399.32289477,9023847.90402027,1412413099689,129
3316400.54740916,9023858.57854559,1412413101700,127
3316402.88511847,9023868.76788003,1412413103697,128
3316410.23220486,9023883.32409716,1412413105686,128
3316410.78880232,9023885.75013621,1412413106688,126
3316415.46422093,9023888.17617609,1412413108686,126
3316418.91512515,9023897.39513511,1412413110677,127
3316421.80943191,9023903.46024618,1412413112687,125
3316425.92825307,9023911.22359583,1412413114686,125
3316431.27158862,9023911.46620064,1412413116682,121
3316434.38853437,9023920.44258445,1412413118670,120
3316438.17339705,9023924.56687266,1412413120690,118
3316440.62242585,9023928.69116324,1412413122666,116
3316445.18652497,9023932.81545619,1412413124679,113
3316447.41291479,9023935.48411761,1412413126680,110
3316449.6393046,9023933.05806174,1412413128676,107
3316454.09208424,9023944.21792551,1412413130669,105
3316457.87694692,9023961.4429667,1412413132680,110
3316462.66368503,9023972.84548149,1412413134671,112
3316468.22965957,9023975.27155081,1412413136681,112
3316472.12584174,9023975.51415778,1412413138680,110
3316479.47292814,9023982.54976367,1412413140671,109
3316487.93320944,9023985.21844356,1412413142678,109
3316491.27279416,9023993.4670968,1412413144675,113
3316496.28217125,9024005.35487842,1412413146668,120
3316505.41036949,9024006.56791846,1412413148666,115
3316509.08391269,9024006.8105265,1412413150667,112
3316509.52919065,9024007.53835065,1412413152672,113
3316509.30655167,9024008.02356679,1412413154665,114
3316509.75182963,9024008.99399918,1412413156672,115
3316510.41974658,9024010.69225616,1412413158666,115
3316511.86689996,9024010.44964799,1412413160671,114
3316515.76308214,9024011.17747251,1412413162671,118
3316524.6686414,9024013.60355478,1412413164673,118
3316533.68552015,9024013.11833826,1412413166661,118
3316542.70239891,9024006.8105265,1412413168674,115
3316551.16268021,9024006.32531044,1412413170675,116
3316562.07199031,9024006.8105265,1412413172667,115
3316566.74740892,9024006.32531044,1412413174679,114
3316569.97567415,9024007.29574259,1412413176674,115
3316572.9813004,9024005.59748641,1412413178668,115
3316576.32088513,9024005.84009441,1412413180689,114
3316578.43595545,9024005.11227043,1412413182672,113
3316580.77366476,9024007.53835065,1412413184662,114
3316583.00005458,9024008.26617487,1412413186671,112
3316585.78304184,9024009.23660729,1412413188673,110
3316588.23207064,9024008.99399918,1412413190666,108
3316593.24144773,9024009.72182355,1412413192667,107
3316598.25082481,9024016.27224623,1412413194673,105
3316602.14700699,9024022.58006631,1412413196672,104
3316608.49221797,9024028.88789193,1412413198666,103
3316620.29208399,9024037.37920441,1412413200674,101
3316631.31271358,9024048.05401149,1412413202673,101
3316641.22014826,9024056.06012722,1412413204662,102
3316645.22764993,9024067.94801249,1412413206670,108
3316647.45403974,9024068.1906226,1412413208658,106
3316648.90119312,9024073.52804706,1412413210689,110
3316646.7861228,9024082.26202293,1412413212667,116
3316650.12570752,9024099.00217304,1412413214663,121
3316652.7973753,9024110.16229481,1412413216642,128
3316658.47466933,9024114.5293037,1412413218650,132
3316661.59161507,9024119.86676262,1412413220663,134
3316661.81425406,9024121.56504584,1412413222667,135
3316659.36522526,9024121.07982202,1412413224664,135
3316657.47279392,9024120.35198635,1412413226668,133
3316649.90306854,9024121.32243391,1412413228671,132
3316643.55785757,9024126.90250998,1412413230657,134
3316640.32959233,9024129.08601919,1412413232668,136
3316635.32021525,9024131.51214131,1412413234660,135
3316630.86743562,9024132.72520267,1412413236666,135
3316626.63729497,9024132.48259039,1412413238665,137
3316621.4052789,9024134.66610129,1412413240669,136
3316613.94687302,9024139.51835012,1412413242664,140
3316608.82617644,9024144.85582761,1412413244665,142
3316606.59978662,9024148.4950191,1412413246667,142
3316600.47721463,9024157.22908618,1412413248662,144
3316594.24332314,9024164.0222568,1412413250667,145
3316589.79054351,9024169.84497961,1412413252641,146
3316585.67172235,9024172.75634278,1412413254656,147
3316579.54915036,9024175.66770713,1412413256651,145
3316577.879358,9024179.54952811,1412413258669,145
3316574.31713429,9024188.76886133,1412413260656,143
3316572.86998091,9024199.20127899,1412413262649,143
3316571.64546651,9024211.57463123,1412413264662,142
3316571.08886906,9024228.55769843,1412413266646,143
3316570.53227161,9024241.17371722,1412413268650,144
3316569.30775721,9024255.00284021,1412413270663,144
3316565.96817248,9024270.53030831,1412413272650,142
3316558.62108609,9024284.84472271,1412413274666,142
3316549.82684632,9024299.40178358,1412413276649,140
3316542.25712094,9024312.98840037,1412413278652,138
3316536.35718793,9024330.45694544,1412413280656,141
3316532.34968626,9024343.55838215,1412413282650,136
3316526.67239223,9024359.32866175,1412413284659,139
3316517.21023552,9024373.40063279,1412413286662,139
3316511.3103025,9024385.28904363,1412413288666,137
3316505.29905,9024401.30203628,1412413290663,136
3316499.39911699,9024415.13146776,1412413292666,137
3316493.276545,9024428.71830358,1412413294651,136
3316488.3784874,9024439.63631529,1412413296662,134
3316478.58237221,9024452.25270506,1412413298650,132
3316475.131468,9024489.61675869,1412413300663,148
3316467.45042313,9024505.87260898,1412413302652,150
3316460.21465623,9024522.85637247,1412413304650,153
3316450.97513849,9024534.01715322,1412413306649,156
3316438.95263349,9024540.08280221,1412413308661,157
3316429.1565183,9024546.87633516,1412413310647,157
3316420.25095903,9024552.94199502,1412413312655,157
3316413.23783111,9024560.94867387,1412413314647,155
3316406.22470319,9024571.13900533,1412413316646,155
3316398.43233884,9024579.87358667,1412413318661,154
3316388.52490416,9024588.60817864,1412413320650,150
3316376.94767712,9024597.10015324,1412413322656,146
3316364.25725517,9024604.37899661,1412413324646,144
3316349.45176289,9024607.7757927,1412413326650,143
3316339.6556477,9024608.98893456,1412413328654,143
3316332.53120029,9024602.68059916,1412413330640,145
3316319.28418089,9024605.34950962,1412413332625,146
3316311.825775,9024605.83476616,1412413334642,144
3316304.92396657,9024599.28380547,1412413336639,144
3316298.69007509,9024596.12964135,1412413338642,143
3316294.23729546,9024594.91650167,1412413340642,144
3316284.55249976,9024598.55592132,1412413342644,143
3316275.75825999,9024603.16585553,1412413344650,146
3316270.7488829,9024607.53316436,1412413346653,144
3316259.28297535,9024608.26104943,1412413348652,143
3316252.82644488,9024610.20207661,1412413350651,142
3316245.70199747,9024611.65784736,1412413352656,144
3316236.35116024,9024612.14310434,1412413354651,147
3316226.44372556,9024616.02516134,1412413356652,144
3316217.87212477,9024623.06139504,1412413358650,144
3316207.29677315,9024627.42871596,1412413360665,144
3316202.06475708,9024629.36974835,1412413362648,141
3316192.49128087,9024631.5534104,1412413364635,138
3316182.80648517,9024630.34026473,1412413366651,133
3316172.00849457,9024628.39923209,1412413368639,132
3316161.98974039,9024631.5534104,1412413370631,132
3316154.30869553,9024631.5534104,1412413372637,130
3316151.74834724,9024630.82552297,1412413374631,130
3316148.85404048,9024631.31078125,1412413376635,129
3316148.07480405,9024633.00918547,1412413378633,128
3316145.29181678,9024634.46496083,1412413380649,125
3316143.28806594,9024637.86177116,1412413382652,123
3316138.50132784,9024641.01595363,1412413384652,121
3316131.82215839,9024643.68487834,1412413386649,121
3316129.37312959,9024651.93428825,1412413388655,120
3316118.24118051,9024661.88211869,1412413390641,126
3316113.45444241,9024666.00683292,1412413392649,127
3316109.8922187,9024670.61681044,1412413394651,129
3316108.77902379,9024674.98416031,1412413396652,130
3316103.65832722,9024680.32203597,1412413398653,126
3316100.54138148,9024686.6304396,1412413400651,127
3316093.75089254,9024698.2767378,1412413402654,129
3316092.86033661,9024701.67357833,1412413404651,124
3316089.52075189,9024705.07042047,1412413406651,124
3316084.28873582,9024710.65095033,1412413408640,126
3316075.49449605,9024724.96624242,1412413410650,130
3316069.26060456,9024737.58313369,1412413412640,133
3316065.80970035,9024746.56055059,1412413414651,133
3316061.46824021,9024756.2658788,1412413416650,134
3316057.12678007,9024769.61072652,1412413418642,139
3316049.00045724,9024779.55872004,1412413420660,138
3316043.10052423,9024790.71989992,1412413422641,142
3316036.64399376,9024800.6679227,1412413424653,142
3316027.84975399,9024811.58650015,1412413426651,143
3316022.8403769,9024825.65935781,1412413428649,143
3316013.1555812,9024847.25396892,1412413430639,148
3316000.24252027,9024868.84864498,1412413432637,152
3315994.23126777,9024882.92161491,1412413434637,155
3315989.33321017,9024896.50933619,1412413436644,157
3315983.87855513,9024911.79555338,1412413438646,160
3315977.64466364,9024927.32444226,1412413440649,160
3315971.96736961,9024942.12544576,1412413442653,157
3315968.62778489,9024959.11024146,1412413444657,153
3315967.51458998,9024977.06564063,1412413446661,151
3315968.07118743,9024995.0210847,1412413448668,149
3315967.73722896,9025010.06486972,1412413450674,149
3315963.6184078,9025024.13811651,1412413452651,147
3315964.95424169,9025036.75553364,1412413454650,149
3315963.39576882,9025047.91711343,1412413456648,150
3315959.9448646,9025060.53457236,1412413458649,153
3315956.16000192,9025074.36527397,1412413460637,155
3315952.04118076,9025086.01220127,1412413462647,156
3315948.14499858,9025093.53418519,1412413464654,158
3315947.03180367,9025098.14443729,1412413466652,158
3315939.57339779,9025106.3943695,1412413468656,160
3315929.10936566,9025112.21785676,1412413470660,161
3315923.54339112,9025121.68103365,1412413472654,161
3315920.20380639,9025128.71776302,1412413474643,161
3315915.3057488,9025139.15154684,1412413476642,163
3315911.52088611,9025147.15887959,1412413478644,163
3315908.18130139,9025153.4676935,1412413480673,162
3315904.61907768,9025159.04857197,1412413482660,160
3315901.50213194,9025167.29857418,1412413484656,159
3315901.9474099,9025173.12211085,1412413486645,155
3315903.72852175,9025180.40153835,1412413488646,152
3315902.28136837,9025190.59274924,1412413490647,151
3315904.73039717,9025199.32808437,1412413492642,151
3315908.18130139,9025210.73256569,1412413494648,149
3315911.96616407,9025219.46792534,1412413496649,149
3315917.86609708,9025237.18132614,1412413498646,157
3315925.65846144,9025245.67406806,1412413500649,156
3315926.43769788,9025251.25501822,1412413502643,153
3315928.5527682,9025260.47572799,1412413504647,158
3315929.55464362,9025265.32873789,1412413506645,158
3315931.22443598,9025275.52006935,1412413508651,159
3315931.001797,9025284.74081029,1412413510652,158
3315931.11311649,9025292.74830546,1412413512648,162
3315928.77540718,9025304.8808909,1412413514653,169
3315928.88672667,9025310.70453921,1412413516653,170
3315929.33200464,9025313.37371292,1412413518648,169
3315931.66971394,9025313.85901734,1412413520650,169
3315933.56214529,9025318.22675858,1412413522635,170
3315936.56777154,9025319.19736811,1412413524630,168
3315939.68471728,9025320.4106302,1412413526670,164
3315942.46770455,9025327.20490171,1412413528644,162
3315946.25256724,9025336.91101502,1412413530636,162
3315950.26006891,9025345.40387494,1412413532645,158
3315949.70347145,9025351.22755611,1412413534637,155
3315948.70159603,9025354.13939847,1412413536640,155
3315948.70159603,9025355.83797373,1412413538644,155
3315948.47895705,9025356.08062737,1412413540679,156
3315948.14499858,9025358.02185679,1412413542668,157
3315948.70159603,9025358.02185679,1412413544645,156
3315948.92423502,9025358.02185679,1412413546664,156
3315948.81291553,9025360.4483943,1412413548636,155
3315952.04118076,9025361.17635571,1412413550639,156
3315957.82979428,9025363.11758651,1412413552637,157
3315966.17875609,9025362.3896249,1412413554641,158
3315976.19751026,9025362.14697105,1412413556625,158
3315983.43327716,9025363.3602404,1412413558629,157
3315992.00487795,9025356.56593467,1412413560637,156
3315999.9085618,9025353.16878421,1412413562633,155
3316011.26314986,9025351.95551659,1412413564624,150
3316007.25564819,9025363.6028943,1412413566630,150
3316014.93669306,9025363.8455482,1412413568627,150
3316017.16308287,9025364.08820211,1412413570636,150
3316023.84225232,9025363.11758651,1412413572647,149
3316028.74030991,9025363.8455482,1412413574635,150
3316034.08364547,9025366.0294337,1412413576629,150
3316039.53830052,9025362.87493264,1412413578624,150
3316038.87038358,9025377.67683424,1412413580615,152
3316043.10052423,9025369.91189845,1412413582620,152
3316040.09489798,9025372.33843999,1412413584617,152
3316034.86288191,9025377.43417987,1412413586620,152
3316032.5251726,9025379.6180695,1412413588618,152
3316032.97045057,9025378.64745181,1412413590630,152
3316030.63274126,9025379.6180695,1412413592633,153
3316025.62336417,9025383.5005416,1412413594630,153
3316023.06301588,9025385.44177844,1412413596632,152
3316021.94982098,9025386.41239705,1412413598618,151
3316022.72905741,9025383.98585076,1412413600642,150
3316021.72718199,9025378.4047974,1412413602628,148
3316021.39322352,9025378.4047974,1412413604628,148
3316021.17058454,9025378.64745181,1412413606617,148
3316021.17058454,9025378.4047974,1412413608630,148
3316021.39322352,9025378.16214301,1412413610631,147
3316020.94794556,9025377.67683424,1412413612617,147
3316020.05738963,9025379.13276064,1412413614617,147
3316018.94419473,9025384.22850535,1412413616633,147
3316019.38947269,9025391.50814694,1412413618624,145
3316019.16683371,9025402.9129336,1412413620626,144
3316015.82724898,9025412.37649372,1412413622630,143
3316015.93856847,9025420.6267871,1412413624626,139
3316013.04426171,9025428.14912167,1412413626626,137
3316009.03676004,9025430.33302674,1412413628631,137
3316005.02925838,9025432.03162002,1412413630622,138
3315998.79536689,9025432.27427623,1412413632628,138
3315996.01237962,9025432.27427623,1412413634628,137
3315989.22189068,9025433.24490119,1412413636629,137
3315984.76911105,9025432.03162002,1412413638630,136
3315979.98237295,9025431.54630761,1412413640621,136
3315975.52959332,9025432.03162002,1412413642619,137
3315971.63341114,9025433.73021371,1412413644631,138
3315966.73535354,9025437.61271507,1412413646625,140
3315966.0674366,9025439.79662301,1412413648633,141
3315966.62403405,9025442.22318817,1412413650630,140
3315964.95424169,9025445.37772411,1412413652625,141
3315962.17125442,9025449.74554538,1412413654627,142
3315959.72222562,9025455.81196822,1412413656629,144
3315955.60340446,9025462.36371065,1412413658629,145
3315947.9223596,9025468.18748672,1412413660631,143
3315939.68471728,9025473.28329466,1412413662634,143
3315927.55089278,9025484.93086924,1412413664629,147
3315913.85859542,9025496.82112112,1412413666627,146
3315902.05872939,9025504.5861942,1412413668630,148
3315894.04372605,9025514.04988838,1412413670617,146
3315890.81546082,9025520.84434318,1412413672628,147
3315890.03622439,9025529.09476122,1412413674629,146
3315888.7003905,9025532.00667573,1412413676630,144
3315887.25323712,9025533.70529308,1412413678628,144
3315886.14004221,9025535.16125112,1412413680626,147
3315884.24761087,9025540.74242637,1412413682623,150
3315884.91552781,9025542.68370572,1412413684625,148
3315886.58532017,9025538.3158279,1412413686623,148
3315885.91740323,9025535.64657054,1412413688628,146
3315884.58156934,9025533.46263343,1412413690621,144
3315885.69476425,9025536.37454972,1412413692623,144
3315884.13629137,9025542.92636568,1412413694619,143
3315883.13441596,9025555.78735515,1412413696620,143
3315878.57031683,9025567.92038521,1412413698622,143
3315880.01747022,9025576.89884066,1412413700618,141
3315877.23448294,9025588.78924488,1412413702622,137
3315872.8930228,9025611.84212551,1412413704619,149
3315867.66100674,9025626.15921496,1412413706626,152
3315862.54031016,9025639.74834322,1412413708619,155
3315860.20260085,9025655.27880703,1412413710619,158
3315848.51405432,9025668.86799042,1412413712613,163
3315839.94245353,9025687.31049475,1412413714599,162
3315830.48029681,9025710.12102617,1412413716607,168
3315821.35209857,9025731.71829827,1412413718609,170
3315809.99751051,9025741.66762526,1412413720619,171
3315799.08820041,9025754.2863037,1412413722606,174
3315788.51284878,9025768.11834211,1412413724605,177
3315780.16388697,9025778.06771955,1412413726604,174
3315774.48659294,9025791.65713541,1412413728603,171
3315769.03193789,9025800.15053338,1412413730604,171
3315758.23394729,9025807.91593462,1412413732606,170
3315751.77741682,9025813.49732194,1412413734604,170
3315742.42657959,9025813.25465284,1412413736600,160
3315736.97192455,9025808.40127247,1412413738604,158
3315735.30213218,9025806.21725238,1412413740604,156
3315734.74553473,9025805.48924583,1412413742594,156
3315733.40970084,9025803.54789539,1412413744593,153
3315728.62296274,9025793.3558142,1412413746594,143
3315728.28900426,9025787.28910608,1412413748601,133
3315727.8437263,9025783.64908367,1412413750595,127
3315726.50789241,9025786.07576507,1412413752602,128
3315714.48538741,9025793.11314578,1412413754600,130
3315697.00822735,9025796.26783592,1412413756603,131
3315683.093291,9025801.84921419,1412413758603,130
3315676.63676054,9025808.64394141,1412413760592,133
3315668.6217572,9025813.25465284,1412413762606,132
3315654.92945983,9025819.56405221,1412413764593,132
3315641.68244043,9025824.41744013,1412413766604,131
3315626.76562866,9025832.66820711,1412413768598,128
3315612.51673384,9025842.13233384,1412413770600,125
3315597.37728309,9025848.19908833,1412413772602,123
3315587.35852892,9025855.47920047,1412413774615,125
3315579.00956711,9025859.36192995,1412413776613,123
3315568.10025701,9025869.79677587,1412413778613,126
3315556.52302997,9025879.50362291,1412413780610,128
3315548.73066561,9025888.96781141,1412413782600,126
3315537.37607755,9025895.27727734,1412413784602,130
3315529.91767167,9025895.51994922,1412413786607,128
3315522.57058528,9025895.51994922,1412413788612,126
3315511.77259467,9025898.18934041,1412413790589,130
3315506.20662013,9025905.9548477,1412413792608,129
3315497.96897781,9025906.92553671,1412413794608,130
3315494.29543462,9025908.8669151,1412413796606,129
3315489.95397448,9025910.56562163,1412413798599,126
3315481.49369318,9025909.59493214,1412413800615,127
3315472.25417544,9025908.8669151,1412413802590,124
3315466.13160345,9025914.93372599,1412413804590,121
3315454.99965437,9025921.24321474,1412413806580,119
3315447.20729001,9025919.05916031,1412413808587,117
3315433.96027061,9025918.57381497,1412413810596,115
3315421.82644611,9025916.87510654,1412413812601,129
3315407.80019027,9025914.93372599,1412413814604,133
3315397.7814361,9025914.20570841,1412413816596,137
3315384.08913873,9025913.7203634,1412413818595,141
3315377.07601081,9025915.17639853,1412413820602,140
3315371.84399474,9025912.99234595,1412413822619,142
3315366.05538122,9025907.89622584,1412413824618,141
3315362.15919904,9025897.46132453,1412413826595,139
3315353.25363978,9025896.73330872,1412413828597,140
3315347.79898473,9025895.27727734,1412413830591,139
3315340.67453732,9025891.39452842,1412413832595,139
3315329.31994926,9025889.69582643,1412413834595,139
3315317.07480527,9025879.01828025,1412413836595,141
3315307.39000957,9025866.39938252,1412413838592,142
3315295.59014355,9025860.57528336,1412413840606,143
3315289.80153003,9025858.87658865,1412413842617,143
3315279.2261784,9025854.50851842,1412413844592,142
3315267.87159034,9025844.31636487,1412413846589,143
3315259.74526751,9025844.55903502,1412413848590,142
3315256.62832177,9025839.22029352,1412413850601,141
3315250.2831108,9025834.85223524,1412413852618,141
3315240.37567612,9025835.58024478,1412413854604,140
3315232.36067278,9025830.48417963,1412413856589,141
3315225.57018384,9025830.24150995,1412413858580,141
3315218.55705592,9025828.54282243,1412413860577,141
3315216.21934661,9025821.02006824,1412413862604,141
3315206.08927295,9025812.2839765,1412413864576,142
3315192.95357304,9025803.06255786,1412413866593,141
3315187.72155697,9025797.96651581,1412413868579,141
3315181.82162396,9025796.0251674,1412413870576,142
3315174.91981553,9025790.686462,1412413872621,141
3315167.46140965,9025781.22240308,1412413874607,139
3315162.11807409,9025776.36904438,1412413876666,139
3315156.55209955,9025770.30235061,1412413878578,138
3315143.08244116,9025760.59565125,1412413880580,135
3315135.95799375,9025756.95564238,1412413882582,132
3315132.72972852,9025749.19029628,1412413884671,133
3315130.61465819,9025738.02762598,1412413886613,134
3315128.72222685,9025732.68896371,1412413888577,134
3315128.49958787,9025720.55565514,1412413890593,136
3315129.16750481,9025709.39302937,1412413892586,136
3315124.82604467,9025700.4144082,1412413894583,135
3315121.70909893,9025691.67846323,1412413896583,134
3315119.03743115,9025681.00121162,1412413898580,133
3315115.80916592,9025667.89733361,1412413900594,131
3315114.13937356,9025661.83073152,1412413902592,131
3315111.13374731,9025653.33749722,1412413904584,129
3315109.12999647,9025645.57226321,1412413906595,127
3315100.22443721,9025638.04970078,1412413908590,124
3315091.98679489,9025631.74046095,1412413910581,124
3315087.42269577,9025624.94590118,1412413912584,123
3315081.63408225,9025617.1806979,1412413914586,122
3315077.06998312,9025608.93017861,1412413916580,121
3315073.95303738,9025603.83427437,1412413918580,119
3315064.0456027,9025599.70902121,1412413920585,121
3315053.80420955,9025599.70902121,1412413922581,123
3315045.00996977,9025598.9810356,1412413924590,124
3315039.11003676,9025598.01038824,1412413926576,124
3315030.87239444,9025598.01038824,1412413928575,127
3315017.40273606,9025598.9810356,1412413930583,131
3315009.05377425,9025598.9810356,1412413932584,127
3315001.03877091,9025597.03974102,1412413934589,125
3314986.6785566,9025594.61312352,1412413936589,124
3314962.96750506,9025594.85578523,1412413938576,131
3314950.27708311,9025595.09844695,1412413940589,129
3314946.26958144,9025592.91449176,1412413942587,125
3314928.79242139,9025594.37046182,1412413944591,128
3314920.55477907,9025595.82643216,1412413946584,130
3314915.10012402,9025597.28240281,1412413948576,129
3314908.19831559,9025598.9810356,1412413950583,130
3314901.07386818,9025601.65031652,1412413952584,127
3314889.49664114,9025605.04758458,1412413954576,131
3314875.58170479,9025606.98888133,1412413956576,139
3314867.010104,9025607.71686775,1412413958575,140
3314859.21773964,9025608.68751642,1412413960600,142
3314851.31405579,9025611.11413867,1412413962576,143
3314839.95946773,9025615.72472321,1412413964580,146
3314817.47293059,9025617.1806979,1412413966575,147
3314790.53361382,9025620.33531071,1412413968584,147
3314768.04707668,9025629.79915751,1412413970576,151
3314760.92262927,9025632.46844988,1412413972584,150
3314751.57179204,9025639.02035356,1412413974575,155
3314734.09463199,9025647.51357092,1412413976585,157
3314724.63247527,9025648.48422497,1412413978584,159
3314718.62122277,9025649.2122156,1412413980571,158
3314711.05149739,9025651.8815152,1412413982574,157
3314704.03836947,9025657.94810888,1412413984574,158
3314698.36107544,9025658.43343659,1412413986571,157
3314693.90829581,9025662.07339551,1412413988568,157
3314683.33294419,9025664.50003581,1412413990565,159
3314668.52745191,9025662.3160595,1412413992570,155
3314660.95772654,9025666.44134864,1412413994569,156
3314652.16348677,9025666.92667693,1412413996580,154
3314641.36549616,9025666.68401278,1412413998580,154
3314635.02028518,9025666.44134864,1412414000584,156
3314627.5618793,9025664.98536397,1412414002581,155
3314621.66194629,9025665.47069216,1412414004569,153
3314608.41492688,9025663.52937959,1412414006581,155
3314599.39804813,9025661.10273961,1412414008580,153
3314592.16228123,9025664.74269988,1412414010583,152
3314581.69824909,9025662.07339551,1412414012580,150
3314566.33615936,9025662.80138751,1412414014575,148
3314554.9815713,9025661.10273961,1412414016568,144
3314547.63448491,9025659.16142823,1412414018579,139
3314535.94593838,9025654.79347952,1412414020590,140
3314518.91405629,9025653.33749722,1412414022566,137
3314511.12169193,9025651.39618792,1412414024573,135
3314499.98974285,9025653.33749722,1412414026570,139
3314495.98224118,9025651.39618792,1412414028563,137
3314488.85779377,9025647.99889793,1412414030574,135
3314476.16737182,9025648.72688852,1412414032563,135
3314471.38063372,9025647.27090743,1412414034569,136
3314462.02979649,9025648.72688852,1412414036573,134
3314451.67708385,9025648.48422497,1412414038565,135
3314438.87534241,9025651.8815152,1412414040563,133
3314431.75089499,9025656.00679834,1412414042571,135
3314421.62082133,9025659.40409212,1412414044568,138
3314410.37755276,9025664.25737175,1412414046560,139
3314394.90414354,9025665.95602039,1412414048549,143
3314374.8666352,9025668.1399978,1412414050551,144
3314356.27628024,9025669.59598311,1412414052563,151
3314348.81787435,9025671.53729733,1412414054558,152
3314340.58023203,9025671.77996164,1412414056558,153
3314333.56710412,9025669.83864736,1412414058549,150
3314327.44453212,9025665.95602039,1412414060549,145
3314312.97299832,9025664.50003581,1412414062563,144
3314307.74098225,9025662.3160595,1412414064555,145
3314300.95049331,9025663.28671556,1412414066555,142
3314287.03555696,9025664.50003581,1412414068555,142
3314269.55839691,9025666.19868451,1412414070557,149
3314253.86234871,9025668.1399978,1412414072556,153
3314242.28512166,9025668.86799042,1412414074558,153
3314228.48150481,9025674.69193404,1412414076557,152
3314216.23636082,9025677.60390762,1412414078556,157
3314194.7516991,9025678.33190119,1412414080573,162
3314183.73106951,9025684.15585249,1412414082556,166
3314175.71606617,9025690.46513839,1412414084588,170
3314168.70293825,9025697.01709501,1412414086556,174
3314159.57474001,9025694.10511355,1412414088543,170
3314151.33709769,9025692.89178829,1412414090554,168
3314138.86931472,9025692.16379323,1412414092546,164
3314127.06944869,9025694.34777863,1412414094557,164
3314113.7111098,9025702.5983961,1412414096555,167
3314097.56978363,9025710.60635741,1412414098557,169
3314086.99443201,9025714.73167431,1412414100552,169
3314079.8699846,9025718.12899589,1412414102555,165
3314073.07949566,9025722.2543171,1412414104547,164
3314067.84747959,9025726.13697454,1412414106555,166
3314064.50789487,9025730.50496666,1412414108551,169
3314059.38719829,9025733.41696288,1412414110555,171
3314048.25524921,9025739.9689587,1412414112557,174
3314042.46663569,9025750.88896502,1412414114555,174
3314036.01010522,9025761.5663206,1412414116556,173
3314031.77996457,9025772.97169524,1412414118561,171
3314027.99510189,9025780.0090631,1412414120564,170
3314018.1989867,9025792.14247216,1412414122568,170
3314013.52356808,9025802.0918829,1412414124575,167
3314005.17460628,9025812.2839765,1412414126555,168
3313994.59925465,9025826.11612666,1412414128555,161
3313990.03515553,9025831.94019787,1412414130556,157
3313987.25216826,9025842.37500393,1412414132563,157
3313984.80313946,9025847.71374778,1412414134554,158
3313981.9088327,9025858.63391802,1412414136566,160
3313975.8975802,9025865.91404075,1412414138555,158
3313970.9995226,9025872.95149973,1412414140578,158
3313965.09958959,9025882.90102248,1412414142555,160
3313956.41666931,9025891.87987192,1412414144563,158
3313949.62618037,9025902.80010935,1412414146553,155
3313941.16589907,9025910.80829403,1412414148562,151
3313929.25471355,9025919.54450568,1412414150556,147
3313920.68311276,9025928.52340096,1412414152560,146
3313915.45109669,9025937.50230747,1412414154551,142
3313911.22095605,9025942.11310167,1412414156559,141
3313897.3060197,9025949.87865649,1412414158540,139
3313891.74004516,9025961.76967858,1412414160553,142
3313889.84761381,9025972.93269683,1412414162564,143
3313887.06462654,9025982.88235817,1412414164557,145
3313882.05524946,9025993.80273405,1412414166549,146
3313879.04962321,9025999.38426592,1412414168554,149
3313878.71566473,9026006.6645314,1412414170548,152
3313882.7231664,9026010.54734267,1412414172557,150
3313882.05524946,9026020.49705616,1412414174556,156
3313883.39108335,9026023.65184623,1412414176549,157
3313882.83448589,9026036.75637372,1412414178554,162
3313886.50802909,9026045.25006172,1412414180554,165
3313890.29289178,9026053.74375977,1412414182554,167
3313896.30414428,9026062.23746786,1412414184556,171
3313902.53803576,9026069.76047486,1412414186559,171
3313908.77192725,9026071.45921948,1412414188556,170
3313912.89074841,9026077.04081172,1412414190556,173
3313918.34540346,9026081.65169556,1412414192553,175
3313922.13026614,9026089.1747229,1412414194554,172
3313926.58304577,9026096.21240078,1412414196536,173
3313932.03770082,9026103.73544339,1412414198546,177
3313935.04332707,9026106.40491201,1412414200559,178
3313940.72062111,9026109.07438164,1412414202556,177
3313946.62055412,9026112.71456908,1412414204549,177
3313951.96388968,9026117.32547582,1412414206545,175
3313958.64305912,9026120.96566746,1412414208555,173
3313968.88445228,9026124.36318131,1412414210554,173
3313976.00889969,9026124.60586093,1412414212533,169
3313981.35223525,9026127.76069677,1412414214544,169
3313988.25404367,9026129.9448147,1412414216553,167
3313993.15210127,9026133.58501273,1412414218553,166
3313998.8293953,9026135.76913243,1412414220552,165
3314006.84439864,9026137.22521261,1412414222550,162
3314014.5254435,9026138.92397318,1412414224552,161
3314019.4235011,9026138.92397318,1412414226552,159
3314028.88565781,9026140.13737383,1412414228552,159
3314036.90066115,9026141.35077469,1412414230552,158
3314043.80246958,9026149.84458647,1412414232551,161
3314049.03448565,9026154.45551706,1412414234547,164
3314058.16268389,9026162.46398251,1412414236549,163
3314068.29275755,9026169.25905111,1412414238551,161
3314076.53039987,9026170.4724569,1412414240546,160
3314086.77179303,9026174.11267547,1412414242549,159
3314098.68297854,9026186.00406905,1412414244551,164
3314106.80930137,9026189.88697733,1412414246549,163
3314116.1601386,9026189.40161368,1412414248549,160
3314121.16951568,9026199.59425724,1412414250549,164
3314134.08257661,9026205.41863149,1412414252551,166
3314143.76737231,9026207.84545549,1412414254550,165
3314157.57098917,9026210.27228031,1412414256540,165
3314167.25578487,9026213.42715379,1412414258546,163
3314179.16697038,9026218.28080803,1412414260547,167
3314188.96308557,9026230.9003244,1412414262538,175
3314200.65163211,9026239.87960916,1412414264538,178
3314213.34205406,9026240.85034332,1412414266536,174
3314220.02122351,9026244.00523026,1412414268537,175
3314231.04185309,9026246.4320673,1412414270537,176
3314244.06623352,9026244.97596497,1412414272536,170
3314257.98116987,9026252.4991635,1412414274546,170
3314271.33950876,9026259.05163316,1412414276545,170
3314281.46958242,9026257.35284416,1412414278535,167
3314297.83354757,9026257.35284416,1412414280536,164
3314306.85042632,9026256.38210776,1412414282533,164
3314320.54272369,9026257.59552827,1412414284539,160
3314342.80662185,9026258.08089653,1412414286535,153
3314351.71218111,9026261.96384382,1412414288535,155
3314361.61961579,9026265.84679319,1412414290534,157
3314371.08177251,9026268.51632211,1412414292520,157
3314381.87976312,9026271.9139058,1412414294538,156
3314396.12865794,9026269.72974468,1412414296535,153
3314405.92477313,9026266.57484644,1412414298535,151
3314417.72463915,9026263.90531824,1412414300533,151
3314432.30749245,9026261.96384382,1412414302544,150
3314443.99603898,9026260.9931068,1412414304533,152
3314454.57139061,9026259.05163316,1412414306534,152
3314476.61264978,9026254.92600342,1412414308533,148
3314494.86904627,9026254.19795135,1412414310542,145
3314516.46502749,9026249.82964054,1412414312543,140
3314533.16295111,9026248.37353752,1412414314540,137
3314544.85149764,9026253.46989937,1412414316537,140
3314555.09289079,9026252.74184746,1412414318531,139
3314565.66824242,9026256.62479185,1412414320544,142
3314580.58505418,9026256.13942369,1412414322541,139
3314596.94901933,9026265.11874002,1412414324533,140
3314610.08471925,9026268.51632211,1412414326530,140
3314619.65819545,9026272.15659042,1412414328531,143
3314630.0109081,9026270.70048287,1412414330535,140
3314639.25042583,9026273.3700136,1412414332531,140
3314652.05216727,9026274.58343698,1412414334530,139
3314667.97085446,9026269.24437563,1412414336528,129
3314677.54433067,9026280.89324189,1412414338529,136
3314685.89329248,9026283.8054614,1412414340538,134
3314695.46676868,9026285.2615716,1412414342529,132
3314710.38358045,9026285.98962682,1412414344527,127
3314714.83636008,9026290.35795964,1412414346544,128
3314722.07212698,9026290.35795964,1412414348534,126
3314731.08900574,9026295.93972211,1412414350536,130
3314740.77380144,9026302.97760272,1412414352540,132
3314747.2303319,9026309.04474672,1412414354539,136
3314757.47172506,9026310.01549024,1412414356535,136
3314770.2734665,9026314.14115165,1412414358535,136
3314777.84319187,9026318.50950159,1412414360533,136
3314786.52611215,9026327.73158245,1412414362534,139
3314796.99014429,9026339.86591742,1412414364525,145
3314807.6768154,9026345.9330926,1412414366530,147
3314817.13897212,9026348.11727692,1412414368533,146
3314822.81626615,9026350.3014619,1412414370524,150
3314834.2821737,9026358.5528334,1412414372525,151
3314845.74808125,9026363.64927347,1412414374532,153
3314853.31780663,9026371.65797232,1412414376532,156
3314863.67051927,9026379.66668012,1412414378531,158
3314872.01948108,9026389.13152811,1412414380541,163
3314879.81184544,9026394.47067864,1412414382528,164
3314886.49101488,9026404.66361341,1412414384521,166
3314900.40595123,9026410.24546478,1412414386527,166
3314914.65484606,9026412.42966867,1412414388527,165
3314930.46221375,9026407.09050478,1412414390527,158
3314937.03006371,9026408.06126155,1412414392527,158
3314943.37527468,9026410.97353266,1412414394529,156
3314951.94687547,9026415.58463101,1412414396507,159
3314964.97125589,9026414.61387322,1412414398515,159
3314974.76737108,9026414.85656266,1412414400506,156
3314992.02189216,9026415.09925209,1412414402509,155
3315002.59724378,9026418.73959475,1412414404515,156
3315014.73106828,9026421.40918052,1412414406518,154
3315028.86864361,9026413.40042616,1412414408514,144
3315033.87802069,9026412.67235802,1412414410507,140
3315050.35330533,9026398.59638859,1412414412518,132
3315057.70039172,9026402.72210091,1412414414515,132
3315057.14379427,9026408.30395076,1412414416515,134
3315059.48150358,9026416.31269944,1412414418504,145
3315065.82671455,9026429.1752539,1412414420513,160
3315076.84734414,9026430.63139359,1412414422514,164
3315092.43207285,9026417.28345746,1412414424506,158
3315099.1112423,9026413.88580496,1412414426512,160
3315100.22443721,9026414.12849437,1412414428511,164
3315102.22818804,9026414.12849437,1412414430515,168
3315109.90923291,9026407.33319396,1412414432532,167
3315113.24881763,9026400.78058893,1412414434511,164
3315115.47520745,9026390.8303483,1412414436522,166
3315115.02992948,9026392.77185759,1412414438503,166
3315117.81291675,9026383.06431642,1412414440531,163
3315127.05243449,9026361.95045971,1412414442508,157
3315138.96362,9026345.44771839,1412414444514,151
3315144.97487251,9026330.88650757,1412414446510,151
3315155.32758515,9026318.50950159,1412414448515,146
3315170.57835539,9026301.76417454,1412414450518,141
3315180.26315109,9026295.69703669,1412414452522,142
3315183.04613836,9026294.72629512,1412414454526,147
3315189.39134933,9026292.05675645,1412414456531,150
3315194.6233654,9026292.54212704,1412414458538,150
3315201.41385434,9026293.27018299,1412414460517,151
3315213.10240087,9026290.11527441,1412414462522,153
3315232.80595074,9026280.16518719,1412414464523,150
3315243.49262186,9026277.73833873,1412414466523,149
3315263.97540817,9026269.72974468,1412414468518,146
3315267.53763187,9026273.61269826,1412414470520,148
3315274.77339877,9026269.00169111,1412414472522,145
3315283.45631905,9026260.26505412,1412414474512,142
3315289.02229359,9026261.96384382,1412414476519,147
3315297.03729693,9026262.93458096,1412414478519,147
3315315.29369342,9026254.44063537,1412414480516,141
3315331.2123806,9026251.04305995,1412414482516,137
3315336.88967463,9026257.35284416,1412414484510,141
3315347.35370677,9026260.50773834,1412414486517,142
3315355.81398807,9026259.29431733,1412414488518,141
3315357.92905839,9026260.9931068,1412414490516,140
3315367.94781257,9026259.05163316,1412414492515,139
3315374.7383015,9026254.92600342,1412414494515,137
3315383.64386077,9026249.34427284,1412414496516,137
3315392.21546156,9026243.51986295,1412414498516,136
3315399.33990897,9026239.63692564,1412414500527,135
3315406.13039791,9026235.75399044,1412414502539,135
3315412.14165041,9026231.62837409,1412414504513,135
3315419.37741731,9026227.01739392,1412414506511,134
3315427.83769861,9026221.43568504,1412414508516,136
3315436.07534093,9026208.81618532,1412414510509,136
3315442.42055191,9026196.19670778,1412414512509,134
3315448.32048492,9026178.23825876,1412414514512,129
3315457.67132215,9026165.37615398,1412414516512,126
3315469.1372297,9026155.66892034,1412414518515,127
3315476.3729966,9026147.90314288,1412414520511,127
3315476.70695507,9026147.41778208,1412414522511,129
3315474.14660678,9026155.91160102,1412414524504,144
3315475.59376016,9026151.78603056,1412414526512,141
3315478.26542794,9026147.90314288,1412414528538,140
3315482.27292961,9026144.9909785,1412414530511,141
3315488.17286262,9026136.49717248,1412414532494,140
3315489.95397448,9026139.16665329,1412414534504,140
3315496.18786596,9026136.49717248,1412414536506,140
3315510.43676078,9026126.06193883,1412414538507,139
3315521.45739037,9026117.8108346,1412414540506,138
3315530.47426912,9026111.25849388,1412414542511,139
3315531.81010301,9026109.80241898,1412414544509,139
3315535.92892417,9026107.13294909,1412414546502,141
3315538.37795297,9026106.64759103,1412414548497,144
3315549.06462409,9026095.24168619,1412414550525,143
3315557.30226641,9026085.7772257,1412414552500,142
3315563.09087993,9026074.37135402,1412414554504,139
3315571.66248072,9026070.24583042,1412414556503,141
3315577.56241373,9026062.72282292,1412414558506,141
3315581.68123489,9026060.29604799,1412414560521,143
3315586.02269503,9026055.1998233,1412414562505,141
3315595.26221277,9026046.46344654,1412414564507,137
3315604.83568897,9026035.30031393,1412414566507,135
3315612.73937282,9026025.10790366,1412414568506,136
3315624.31659986,9026012.24607326,1412414570506,134
3315633.5561176,9026006.90720704,1412414572509,133
3315636.67306334,9026003.02439773,1412414574513,133
3315649.36348529,9025986.52248162,1412414576499,133
3315648.47292937,9025986.52248162,1412414578504,137
3315652.25779205,9025978.27153778,1412414580505,142
3315659.49355895,9025964.19642019,1412414582506,140
3315673.74245378,9025943.08379556,1412414584506,136
3315690.99697485,9025920.51519653,1412414586496,131
3315699.01197818,9025914.20570841,1412414588499,131
3315713.59483148,9025899.64537238,1412414590495,130
3315721.27587634,9025890.42384151,1412414592494,130
3315727.73240681,9025879.01828025,1412414594502,130
3315731.07199153,9025871.49547317,1412414596497,131
3315737.19456353,9025862.27397845,1412414598503,132
3315737.63984149,9025860.08994197,1412414600503,137
3315742.3152601,9025852.3244843,1412414602505,137
3315746.65672024,9025843.10301422,1412414604503,137
3315750.7755414,9025835.58024478,1412414606501,138
3315756.56415493,9025826.35879621,1412414608506,137
3315758.23394729,9025821.50540699,1412414610503,138
3315760.57165659,9025820.29206019,1412414612485,143
3315775.0431904,9025803.79056417,1412414614494,143
3315777.60353869,9025802.0918829,1412414616493,147
3315778.16013614,9025795.29716189,1412414618493,145
3315776.37902429,9025787.77444254,1412414620507,147
3315780.83180392,9025773.94236626,1412414622497,142
3315789.96000216,9025754.04363661,1412414624491,135
3315793.52222587,9025743.60895896,1412414626495,132
3315790.40528013,9025736.57162678,1412414628496,133
3315794.3014623,9025720.79832111,1412414630498,130
3315797.08444957,9025705.99571193,1412414632493,127
3315800.75799277,9025691.67846323,1412414634486,122
3315803.20702157,9025685.61184105,1412414636483,124
3315805.87868935,9025676.14792068,1412414638484,126
3315805.65605037,9025667.16934109,1412414640490,131
3315808.10507916,9025661.83073152,1412414642487,133
3315812.78049778,9025658.19077273,1412414644477,135
3315814.67292912,9025654.79347952,1412414646492,136
3315817.90119435,9025643.87361939,1412414648484,136
3315815.56348505,9025637.56437444,1412414650494,137
3315820.9068206,9025625.67388942,1412414652492,137
3315834.04252052,9025614.75407359,1412414654489,134
3315838.94057811,9025609.415503,1412414656490,133
3315852.74419497,9025601.16499264,1412414658490,134
3315867.77232623,9025590.48787566,1412414660486,130
3315885.47212526,9025582.23738705,1412414662492,125
3315900.27761754,9025572.04562009,1412414664491,124
3315898.60782518,9025575.68553521,1412414666489,124
3315902.94928532,9025580.29609699,1412414668493,124
3315908.62657935,9025580.05343577,1412414670488,125
3315918.64533352,9025576.65617954,1412414672490,126
3315936.67909103,9025563.30983137,1412414674487,125
3315956.3826409,9025544.62498561,1412414676481,123
3315971.85605012,9025537.58784852,1412414678489,126
3315979.314456,9025532.24933533,1412414680515,126
3315985.99362545,9025529.09476122,1412414682476,129
3315998.79536689,9025526.42550729,1412414684491,127
3316005.36321685,9025529.58008022,1412414686488,128
3316016.04988796,9025532.97731417,1412414688490,128
3316023.28565487,9025536.13188999,1412414690488,132
3316033.52704802,9025537.58784852,1412414692491,136
3316041.09677339,9025545.83828581,1412414694486,138
3316051.67212502,9025549.47818763,1412414696491,141
3316059.68712836,9025549.23552745,1412414698490,143
3316067.14553424,9025553.11809129,1412414700487,144
3316071.93227234,9025557.00065723,1412414702487,144
3316079.16803924,9025560.88322528,1412414704489,147
3316088.51887647,9025570.1043328,1412414706486,153
3316098.42631115,9025574.95755203,1412414708487,155
3316106.329995,9025582.23738705,1412414710484,156
3316111.45069157,9025585.87730733,1412414712484,157
3316119.13173644,9025592.67183011,1412414714484,159
3316128.81653214,9025597.28240281,1412414716483,163
3316139.72584224,9025598.01038824,1412414718483,163
3316152.63890317,9025602.86362636,1412414720482,166
3316162.99161581,9025606.50355709,1412414722486,167
3316175.68203776,9025610.87147641,1412414724483,165
3316190.04225207,9025609.90082744,1412414726472,157
3316198.61385287,9025612.3274501,1412414728483,150
3316207.40809264,9025617.42336037,1412414730486,147
3316219.31927815,9025618.39401036,1412414732486,140
3316227.11164251,9025631.497798,1412414734478,145
3316237.13039668,9025638.77769035,1412414736484,145
3316243.36428816,9025644.84427295,1412414738483,145
3316251.82456946,9025648.96955205,1412414740493,143
3316260.17353127,9025651.63885156,1412414742479,137
3316269.41304901,9025653.33749722,1412414744484,129
3316275.09034304,9025662.3160595,1412414746473,129
3316282.77138791,9025673.23594769,1412414748481,132
3316293.56937851,9025683.91318776,1412414750481,134
3316298.69007509,9025690.22247345,1412414752481,133
3316305.36924454,9025699.92907764,1412414754486,134
3316313.16160889,9025711.57702,1412414756478,136
3316320.17473681,9025722.2543171,1412414758483,138
3316330.63876895,9025733.41696288,1412414760470,140
3316339.09905025,9025738.75562568,1412414762472,134
3316344.21974682,9025747.24896106,1412414764481,133
3316346.33481715,9025756.470308,1412414766477,132
3316350.78759678,9025766.90500435,1412414768468,128
3316359.69315604,9025778.79572332,1412414770472,129
3316370.37982716,9025781.95040717,1412414772471,125
3316379.84198388,9025780.73706707,1412414774466,115
3316388.52490416,9025779.52372716,1412414776466,102
3316387.96830671,9025787.04643786,1412414778461,98
3316387.96830671,9025793.59848264,1412414780464,94
3316388.30226518,9025798.69452159,1412414782462,88
3316392.19844736,9025800.63587072,1412414784462,84
3316397.54178291,9025803.30522663,1412414786462,80
3316401.10400662,9025813.49732194,1412414788469,80
3316406.22470319,9025825.1454486,1412414790461,84
3316411.0114413,9025830.72684932,1412414792468,85
3316417.69061075,9025835.33757492,1412414794461,86
3316423.70186325,9025851.83914347,1412414796471,91
3316428.93387932,9025857.66323554,1412414798464,90
3316433.83193691,9025866.15671162,1412414800486,89
3316439.50923094,9025871.2528021,1412414802472,87
3316446.0770809,9025876.83423868,1412414804478,87
3316452.42229187,9025883.14369394,1412414806483,88
3316462.21840706,9025890.90918495,1412414808493,89
3316465.78063077,9025894.06391808,1412414810471,85
3316470.90132735,9025901.34407673,1412414812474,87
3316476.35598239,9025913.7203634,1412414814480,90
3316482.47855439,9025919.78717838,1412414816467,91
3316485.70681962,9025923.9126155,1412414818466,95
3316493.94446194,9025939.9290409,1412414820477,102
3316501.18022884,9025948.665288,1412414822473,105
3316510.53106607,9025954.24678476,1412414824480,105
3316521.66301515,9025962.74037512,1412414826465,104
3316533.57420066,9025964.92444284,1412414828472,97
3316542.36844043,9025972.44734785,1412414830473,100
3316552.94379206,9025973.90339489,1412414832469,94
3316564.07574114,9025979.97026074,1412414834465,88
3316569.86435466,9025984.33840733,1412414836473,82
3316574.65109276,9025990.40528199,1412414838465,77
3316576.6548436,9025994.28808448,1412414840464,71
3316582.55477661,9026011.51804582,1412414842464,74
3316589.34526555,9026105.67687502,1412414844472,143
3316593.46408671,9026137.46789266,1412414846465,158
3316596.24707398,9026145.23365883,1412414848466,155
3316599.5866587,9026152.51407223,1412414850462,150
3316602.14700699,9026159.06645062,1412414852473,146
3316602.81492394,9026165.61883498,1412414854463,143
3316605.26395273,9026172.65658782,1412414856462,139
3316610.4959688,9026180.42239206,1412414858472,135
3316615.95062385,9026184.06261568,1412414860482,133
3316619.51284756,9026190.37234101,1412414862466,134
3316625.19014159,9026196.68207189,1412414864477,132
3316631.86931103,9026203.71985518,1412414866466,129
3316642.44466266,9026221.43568504,1412414868467,134
3316652.24077785,9026235.51130706,1412414870475,138
3316659.47654475,9026241.57839403,1412414872469,136
3316667.71418707,9026251.04305995,1412414874467,135
3316675.61787091,9026259.53700152,1412414876474,135
3316682.63099883,9026268.03095314,1412414878464,136
3316689.19884879,9026275.31149111,1412414880467,137
3316694.43086486,9026282.34935149,1412414882462,132
3316704.00434107,9026285.2615716,1412414884471,130
3316709.34767663,9026283.8054614,1412414886451,125
3316713.35517829,9026287.44573746,1412414888468,125
3316720.59094519,9026293.02749767,1412414890462,126
3316728.04935108,9026296.6677784,1412414892463,121
3316735.84171543,9026299.82268988,1412414894461,115
3316742.85484335,9026307.10326008,1412414896461,113
3316750.31324924,9026314.38383768,1412414898464,112
3316759.88672545,9026320.69367757,1412414900467,108
3316766.23193642,9026328.21695546,1412414902467,103
3316774.35825925,9026335.74024123,1412414904470,100
3316782.1506236,9026342.29278688,1412414906460,99
3316787.49395916,9026354.18445907,1412414908467,103
3316797.40139384,9026375.05560484,1412414910459,111
3316803.19000736,9026404.42092432,1412414912467,130
3316811.09369121,9026423.35069809,1412414914459,138
3316820.8898064,9026429.90332371,1412414916456,134
3316827.12369788,9026434.99981444,1412414918458,133
3316833.35758937,9026440.0963088,1412414920478,135
3316839.70280034,9026444.46473541,1412414922473,138
3316847.16120623,9026451.50276165,1412414924463,140
3316853.06113924,9026454.65774117,1412414926465,144
3316862.30065698,9026456.35657687,1412414928470,143
3316869.64774337,9026455.62850438,1412414930466,140
3316876.88351027,9026459.99694044,1412414932454,141
3316887.23622291,9026463.63730586,1412414934466,139
3316897.47761607,9026467.76305556,1412414936458,138
3316907.9416482,9026471.64611628,1412414938464,135
3316922.19054302,9026469.94727696,1412414940470,125
3316941.00353697,9026467.76305556,1412414942456,113
3316958.14673855,9026468.49112928,1412414944456,103
3316966.82965883,9026470.43265958,1412414946464,100
3316976.62577402,9026473.58764742,1412414948452,100
3316987.98036208,9026474.31572173,1412414950457,98
3316999.22363065,9026481.11108556,1412414952463,100
3317013.80648394,9026490.57606734,1412414954464,104
3317027.49878131,9026494.94452466,1412414956462,103
3317037.2948965,9026497.85683103,1412414958455,104
3317046.42309475,9026498.34221554,1412414960454,104
3317053.77018114,9026502.7106776,1412414962462,106
3317065.57004716,9026505.62298712,1412414964462,108
3317078.81706657,9026502.2252928,1412414966455,106
3317089.16977921,9026490.81875934,1412414968454,98
3317099.96776982,9026486.45030451,1412414970450,97
3317112.10159431,9026477.71340284,1412414972451,94
3317116.44305446,9026466.06421716,1412414974459,87
3317121.45243154,9026454.41505039,1412414976458,84
3317126.01653066,9026443.2512833,1412414978452,83
3317130.58062979,9026427.47642463,1412414980471,78
3317129.80139335,9026416.79807843,1412414982452,81
3317133.47493655,9026408.06126155,1412414984456,79
3317132.02778317,9026398.59638859,1412414986466,78
3317131.47118571,9026388.88883955,1412414988455,80
3317129.13347641,9026398.83907748,1412414990453,107
3317129.46743488,9026391.07303693,1412414992462,109
3317128.79951793,9026377.72517437,1412414994459,111
3317127.68632303,9026369.23109294,1412414996450,112
3317128.0202815,9026362.43583503,1412414998461,115
3317127.68632303,9026351.02952371,1412415000455,115
3317128.13160099,9026340.35129124,1412415002459,117
3317131.80514419,9026332.58531398,1412415004457,117
3317133.58625604,9026323.84859959,1412415006449,118
3317141.2673009,9026306.37520273,1412415008454,115
3317145.38612206,9026295.45435129,1412415010450,115
3317153.84640336,9026284.53351646,1412415012458,118
3317164.08779652,9026279.19444771,1412415014455,115
3317169.43113207,9026275.31149111,1412415016456,117
3317177.00085745,9026270.21511376,1412415018460,116
3317182.01023453,9026269.97242922,1412415020455,117
3317189.13468194,9026268.03095314,1412415022454,117
3317196.9270463,9026264.87605565,1412415024456,118
3317200.6005895,9026263.41994959,1412415026456,120
3317209.39482927,9026262.44921238,1412415028446,122
3317218.07774955,9026258.32358068,1412415030461,124
3317233.43983928,9026249.58695668,1412415032456,127
3317244.0151909,9026246.4320673,1412415034455,128
3317249.80380443,9026242.79181204,1412415036453,129
3317256.26033489,9026240.60765978,1412415038454,129
3317266.05645008,9026237.2100909,1412415040464,130
3317275.40728731,9026233.81252363,1412415042456,133
3317286.4279169,9026225.56129553,1412415044446,135
3317300.00889477,9026220.46495351,1412415046451,134
3317312.81063621,9026213.66983643,1412415048452,133
3317322.6067514,9026208.33082039,1412415050448,132
3317328.28404544,9026206.87472579,1412415052448,132
3317342.42162077,9026197.89548231,1412415054448,129
3317350.10266563,9026197.89548231,1412415056447,130
3317362.45912911,9026191.34306848,1412415058453,137
3317369.36093754,9026189.15893186,1412415060447,138
3317382.16267898,9026182.12116285,1412415062450,141
3317391.6248357,9026179.20898459,1412415064445,142
3317396.52289329,9026177.99557733,1412415066445,140
3317400.86435343,9026174.59803809,1412415068447,137
3317407.98880084,9026176.05412614,1412415070453,140
3317409.65859321,9026181.63579973,1412415072451,146
3317411.88498302,9026185.76138734,1412415074444,154
3317410.77178811,9026178.72362166,1412415076445,156
3317410.9944271,9026166.10419703,1412415078448,154
3317413.77741436,9026154.94087835,1412415080443,149
3317417.0056796,9026145.47633915,1412415082447,145
3317414.22269233,9026139.16665329,1412415084447,146
3317411.21706608,9026130.915534,1412415086450,144
3317402.08886783,9026122.90710375,1412415088452,144
3317405.98505001,9026115.38404105,1412415090447,138
3317406.76428644,9026112.22921064,1412415092448,138
3317407.43220339,9026108.83170253,1412415094447,136
3317406.0963695,9026108.58902345,1412415096448,136
3317404.64921612,9026106.16223301,1412415098448,134
3317402.4228263,9026096.69775813,1412415100461,131
3317397.6360882,9026092.57222171,1412415102448,131
3317393.73990602,9026086.74793903,1412415104446,131
3317384.05511032,9026078.49687998,1412415106435,133
3317376.15142648,9026078.49687998,1412415108452,140
3317363.46100453,9026071.45921948,1412415110440,148
3317348.32155378,9026068.78976385,1412415112442,154
3317343.75745466,9026061.99479036,1412415114447,153
3317338.08016063,9026058.11195125,1412415116446,154
3317330.84439372,9026057.62659651,1412415118447,154
3317324.38786326,9026054.22911424,1412415120440,153
3317314.59174807,9026045.97809258,1412415122446,155
3317301.90132612,9026039.18314069,1412415124446,156
3317290.76937704,9026031.66016574,1412415126443,158
3317281.64117879,9026029.71875414,1412415128435,156
3317277.85631611,9026029.23340131,1412415130431,155
3317273.29221698,9026026.8066377,1412415132437,155
3317266.27908906,9026016.37156352,1412415134433,151
3317263.49610179,9026005.45115331,1412415136432,145
3317259.48860013,9025991.61865755,1412415138443,139
3317250.91699933,9025978.75688716,1412415140441,137
3317241.78880109,9025966.86583693,1412415143434,136
3317236.00018757,9025958.37224168,1412415145433,137
3317229.20969863,9025945.2678573,1412415147427,136
3317227.98518423,9025933.61953571,1412415149431,132
3317226.98330881,9025921.24321474,1412415151435,126
3317216.40795719,9025900.85873259,1412415153439,126
3317213.73628941,9025881.20232249,1412415155443,127
3317214.07024788,9025871.49547317,1412415157447,127
3317213.8476089,9025863.24466155,1412415159451,125
3317209.95142672,9025850.14045084,1412415161455,121
3317209.72878774,9025837.7642738,1412415163434,120
3317209.28350978,9025833.88155599,1412415164432,120
3317203.49489626,9025813.98266017,1412415166439,117
3317203.49489626,9025806.70259012,1412415168442,114
3317199.82135306,9025796.0251674,1412415170436,114
3317197.26100477,9025784.86242426,1412415172432,113
3317195.81385139,9025772.97169524,1412415174441,109
3317193.03086412,9025765.93433428,1412415176431,107
3317187.57620907,9025752.10230008,1412415178429,107
3317180.45176166,9025742.88095876,1412415180440,105
3317176.3329405,9025733.17429648,1412415182435,107
3317177.11217694,9025727.10763922,1412415184417,105
3317175.21974559,9025727.10763922,1412415186440,106
3317170.98960494,9025728.07830404,1412415188439,107
3317165.4236304,9025721.52631907,1412415190440,109
3317159.85765587,9025712.06235135,1412415192442,108
3317149.50494322,9025702.1130654,1412415194440,111
3317140.26542549,9025701.14240409,1412415196429,114
3317130.02403233,9025697.50242536,1412415198430,116
3317118.89208325,9025695.80376926,1412415200442,118
3317112.43555279,9025690.46513839,1412415202437,118
3317103.52999352,9025681.72920554,1412415204434,121
3317103.30735454,9025676.63324962,1412415206436,118
3317093.28860037,9025673.23594769,1412415208424,118
3317082.49060976,9025666.68401278,1412415210434,120
3317071.1360217,9025654.79347952,1412415212427,124
3317065.23608869,9025643.87361939,1412415214432,126
3317056.55316841,9025634.6524171,1412415216419,125
3317048.64948456,9025628.10051742,1412415218429,126
3317038.5194109,9025619.60732302,1412415220452,127
3317029.39121266,9025616.45271052,1412415222440,125
3317021.5988483,9025606.26089499,1412415224438,125
3317012.58196955,9025596.79707923,1412415226429,123
3317003.4537713,9025586.60529161,1412415228424,123
3316992.87841968,9025581.0240807,1412415230425,122
3316982.52570703,9025577.86948516,1412415232424,119
3316968.94472915,9025577.62682402,1412415234424,121
3316959.25993346,9025569.86167192,1412415236438,123
3316954.36187586,9025561.61120702,1412415238436,120
3316950.2430547,9025557.72863858,1412415240423,117
3316944.12048271,9025555.54469476,1412415242426,115
3316931.98665821,9025553.60341192,1412415244426,114
3316918.40568034,9025557.00065723,1412415246428,116
3316910.83595496,9025557.48597813,1412415248435,115
3316901.70775672,9025556.51533638,1412415250434,114
3316881.11365092,9025555.05937401,1412415252437,114
3316854.61961211,9025552.87543099,1412415254425,117
3316835.58397918,9025549.96350801,1412415256429,123
3316820.33320895,9025546.56626603,1412415258421,123
3316806.86355056,9025543.65434561,1412415260431,125
3316787.38263967,9025535.16125112,1412415262419,129
3316774.13562027,9025529.58008022,1412415264420,129
3316763.11499068,9025520.35902476,1412415266434,131
3316752.87359753,9025508.2260751,1412415268432,132
3316742.07560692,9025495.36517085,1412415270421,134
3316730.1644214,9025483.71757933,1412415272430,137
3316724.82108585,9025468.43014416,1412415274430,137
3316711.46274695,9025455.08399721,1412415276417,138
3316701.2213538,9025443.19381447,1412415278418,138
3316690.42336319,9025432.75958869,1412415280429,137
3316683.41023527,9025421.59741047,1412415282421,134
3316675.06127346,9025408.97931686,1412415284427,133
3316665.59911674,9025396.60390044,1412415286417,130
3316653.79925072,9025382.28726885,1412415288417,127
3316647.34272025,9025372.58109418,1412415290415,124
3316636.65604914,9025360.20574051,1412415292414,122
3316635.43153474,9025347.34510147,1412415294415,121
3316629.30896274,9025336.18305607,1412415296417,123
3316623.07507126,9025325.99163847,1412415298418,125
3316609.82805186,9025313.85901734,1412415300425,127
3316604.4847163,9025303.18232771,1412415302419,127
3316600.14325616,9025295.17482091,1412415304422,125
3316589.901863,9025283.04225186,1412415306421,126
3316583.00005458,9025274.79211663,1412415308423,125
3316582.22081814,9025263.14488303,1412415310421,125
3316577.43408003,9025251.49766832,1412415312422,125
3316567.52664535,9025235.96807811,1412415314419,125
3316547.04385905,9025211.94580945,1412415317410,125
3316540.03073113,9025203.69575593,1412415319409,126
3316535.5779515,9025196.90160132,1412415320419,126
3316526.56107274,9025187.92362118,1412415322416,125
3316517.21023552,9025176.76182367,1412415324414,125
3316509.86314912,9025168.5118106,1412415326414,125
3316501.6255068,9025162.44563055,1412415328420,127
3316491.82939162,9025152.98239993,1412415330416,129
3316481.81063744,9025154.43828075,1412415332417,129
3316474.57487054,9025156.86474945,1412415334419,129
3316468.00702058,9025163.65886615,1412415336417,130
3316457.54298845,9025160.74710106,1412415338426,132
3316446.52235886,9025155.16622127,1412415340428,134
3316445.85444192,9025155.16622127,1412415342415,135
3316431.93950557,9025158.80592499,1412415345412,138
3316421.03019547,9025160.26180699,1412415347401,137
3316416.80005482,9025155.651515,1412415349401,135
3316410.78880232,9025152.25445963,1412415351403,133
3316410.67748283,9025147.15887959,1412415353407,130
3316407.00393963,9025142.30594957,1412415355408,127
3316400.32477018,9025136.23979169,1412415357405,125
3316398.54365833,9025134.78391455,1412415359398,123
3316390.86261347,9025131.62951512,1412415361399,118
3316385.51927791,9025129.44570093,1412415363388,117
3316382.17969318,9025128.71776302,1412415365406,116
3316379.5080254,9025128.23247111,1412415367395,117
3316370.71378563,9025126.29130383,1412415369407,119
3316363.58933822,9025124.5927829,1412415371404,119
3316358.46864164,9025124.35013708,1412415372434,120
3316345.88953918,9025118.04134876,1412415375405,123
3316338.54245279,9025113.91637477,1412415377402,125
3316336.20474349,9025111.4899206,1412415379401,126
3316328.30105964,9025106.6370147,1412415381397,129
3316323.06904357,9025101.05617698,1412415383398,130
3316321.62189019,9025099.35766202,1412415385405,131
3316314.38612329,9025100.81353196,1412415387386,132
3316303.81077166,9025094.99005395,1412415389386,129
3316295.23917087,9025097.17385766,1412415391402,132
3316291.56562768,9025099.84295197,1412415393393,131
3316288.33736244,9025097.41650255,1412415394420,129
3316277.9846498,9025096.68856788,1412415397398,129
3316274.08846762,9025101.29882201,1412415399401,132
3316270.30360494,9025106.6370147,1412415401403,134
3316266.85270072,9025110.03404848,1412415403405,136
3316268.18853461,9025117.55605757,1412415405397,136
3316268.41117359,9025122.6516166,1412415407403,136
3316264.29235243,9025133.57068383,1412415409396,134
3316257.16790502,9025141.33536397,1412415411402,136
3316250.48873558,9025150.55593255,1412415413407,137
3316245.03408053,9025157.35004328,1412415415384,136
3316241.47185682,9025162.20298346,1412415417401,135
3316238.24359159,9025169.72504722,1412415419403,136
3316231.67574163,9025176.27652853,1412415421406,137
3316225.55316964,9025185.01184625,1412415423401,140
3316217.98344426,9025200.7839746,1412415425394,145
3316210.63635787,9025211.46051193,1412415427391,145
3316201.06288166,9025230.38713985,1412415429399,146
3316198.50253337,9025238.15192471,1412415431383,145
3316193.71579527,9025249.31381767,1412415433393,147
3316188.14982073,9025256.83597272,1412415435396,148
3316180.91405383,9025267.26994277,1412415437401,149
3316171.67453609,9025282.07164723,1412415439387,152
3316162.65765734,9025294.68951775,1412415441391,154
3316157.31432178,9025305.60884668,1412415443400,154
3316153.52945909,9025316.28553993,1412415445398,158
3316151.30306928,9025322.35184998,1412415447388,159
3316141.95223205,9025333.02856812,1412415449399,159
3316136.94285497,9025331.32999826,1412415451400,158
3316129.81840756,9025335.69775014,1412415453400,158
3316124.80903047,9025342.73468931,1412415455399,161
3316127.25805927,9025348.07306156,1412415457391,161
3316117.57326357,9025345.88918152,1412415459396,159
3316108.33374583,9025347.58775483,1412415461394,159
3316098.64895013,9025350.25694225,1412415463391,161
3316083.73213837,9025356.56593467,1412415465395,163
3316067.47949271,9025358.50716423,1412415467394,162
3316062.24747664,9025356.32328102,1412415469394,156
3316058.35129447,9025356.56593467,1412415471400,155
3316054.78907076,9025357.29389569,1412415473393,155
3316049.77969367,9025359.72043297,1412415475398,153
3316043.4344827,9025372.82374839,1412415477388,153
3316027.7384345,9025377.67683424,1412415479388,152
3316019.38947269,9025383.01523247,1412415481390,152
3316020.39134811,9025385.92708773,1412415483388,153
3316017.94231931,9025396.60390044,1412415485384,155
3316014.82537357,9025405.09683098,1412415487386,158
3316010.59523292,9025411.89118265,1412415489383,160
3316010.37259393,9025413.58977157,1412415491381,164
3316008.3688431,9025411.64852712,1412415493383,159
3316007.47828717,9025412.86180484,1412415495380,159
3316000.91043722,9025413.83242716,1412415497384,156
3315992.56147541,9025415.04570525,1412415499388,154
3315989.55584916,9025406.55276293,1412415501392,149
3315981.98612378,9025402.67027837,1412415503397,142
3315978.53521957,9025408.25135059,1412415505400,149
3315963.28444933,9025399.2731061,1412415507405,140
3315960.83542053,9025392.47876638,1412415509393,138
3315963.72972729,9025386.65505173,1412415511390,138
3315965.95611711,9025380.58868733,1412415513385,138
3315965.84479762,9025373.0664026,1412415515385,137
3315965.51083914,9025366.51474168,1412415517385,137
3315962.17125442,9025360.9337019,1412415519385,135
3315953.59965363,9025345.64652822,1412415521387,134
3315952.82041719,9025341.03611715,1412415523390,135
3315949.146874,9025338.12428011,1412415525395,135
3315946.80916469,9025328.41816515,1412415527374,136
3315944.36013589,9025321.38124003,1412415529388,137
3315942.24506557,9025317.49880152,1412415531382,136
3315939.35075881,9025312.88840853,1412415533382,135
3315934.00742325,9025307.55006246,1412415535382,133
3315932.89422834,9025304.638239,1412415537380,132
3315921.09436232,9025290.80709369,1412415539384,133
3315916.86422167,9025281.34369384,1412415541390,136
3315913.85859542,9025274.79211663,1412415543376,136
3315913.85859542,9025270.18175107,1412415545392,137
3315908.62657935,9025259.99042718,1412415547389,136
3315910.4076912,9025251.74031844,1412415549389,137
3315911.52088611,9025239.60782281,1412415551380,135
3315911.74352509,9025231.60038693,1412415553379,133
3315908.62657935,9025220.92381964,1412415555380,129
3315910.29637171,9025208.54872745,1412415557376,126
3315913.41331745,9025193.01923015,1412415559366,125
3315920.31512588,9025178.21770933,1412415561386,123
3315925.99241991,9025162.20298346,1412415563385,123
3315930.55651903,9025147.40152617,1412415565376,124
3315935.23193765,9025131.62951512,1412415567377,124
3315932.11499191,9025122.40897086,1412415569383,124
3315927.99617075,9025110.27669382,1412415571385,128
3315924.32262755,9025094.01947474,1412415573387,131
3315925.65846144,9025076.30642721,1412415575373,133
3315928.88672667,9025055.92434441,1412415577378,132
3315931.33575547,9025040.15253435,1412415579385,130
3315934.89797918,9025028.02039634,1412415581385,127
3315936.34513256,9025020.25583878,1412415583379,125
3315937.45832746,9025014.67506821,1412415585385,125
3315937.68096645,9025011.03543758,1412415587387,128
3315934.78665969,9025006.1825996,1412415589386,128
3315928.88672667,9024998.66070722,1412415591386,128
3315922.20755723,9024989.44033376,1412415593377,132
3315914.86047083,9024983.85958715,1412415595377,133
3315908.73789884,9024978.52148576,1412415597376,135
3315902.17004888,9024978.27884489,1412415599377,137
3315893.59844809,9024980.21997214,1412415601386,137
3315883.24573545,9024985.80071592,1412415603384,141
3315874.78545415,9024980.70525404,1412415605376,142
3315866.32517285,9024979.00676755,1412415607364,141
3315857.08565511,9024980.947895,1412415609374,142
3315847.95745687,9024983.61694609,1412415611381,140
3315842.28016284,9024991.38146403,1412415613375,139
3315836.38022982,9024992.35202936,1412415615381,138
3315835.82363237,9024996.234292,1412415617383,138
3315833.59724255,9024998.90334879,1412415619380,138
3315831.25953325,9025004.96939061,1412415621379,141
3315828.14258751,9025006.66788325,1412415623360,140
3315822.79925195,9025009.09430199,1412415625378,140
3315811.22202491,9025017.58677405,1412415627378,141
3315799.31083939,9025026.07925616,1412415629381,139
3315788.73548776,9025035.29967668,1412415631382,141
3315780.16388697,9025040.88046328,1412415633371,144
3315772.81680058,9025045.97596788,1412415635379,143
3315761.90749048,9025050.10090282,1412415637379,144
3315748.4378321,9025054.71112703,1412415639359,145
3315737.528522,9025060.04928507,1412415641380,146
3315722.16643227,9025061.50514705,1412415643378,144
3315714.5967069,9025065.38744709,1412415645379,146
3315709.58732981,9025063.93158432,1412415647370,146
3315704.80059171,9025065.14480327,1412415649379,147
3315696.4516299,9025069.26974923,1412415651379,148
3315689.43850198,9025071.21090109,1412415653379,146
3315687.10079267,9025074.12262986,1412415655367,147
3315677.74995544,9025074.36527397,1412415657376,151
3315670.29154956,9025074.6079181,1412415659372,154
3315660.82939284,9025072.18147721,1412415661375,154
3315659.38223946,9025072.90940939,1412415663367,155
3315655.15209881,9025071.69618913,1412415665375,156
3315650.14272173,9025069.51239318,1412415667366,158
3315644.68806668,9025069.02710528,1412415669373,160
3315642.90695483,9025062.71836559,1412415671376,157
3315638.12021672,9025057.6228491,1412415673374,156
3315632.3316032,9025049.85825952,1412415675376,154
3315625.98639222,9025036.75553364,1412415677374,147
3315620.53173718,9025025.5939712,1412415679375,144
3315613.62992875,9025016.85884748,1412415681374,142
3315613.96388722,9025008.36637628,1412415683376,140
3315610.512983,9025003.51354011,1412415685370,137
3315606.17152286,9025002.05768989,1412415687363,136
3315607.72999573,9025000.84448161,1412415689366,135
3315604.72436948,9024999.14599036,1412415691374,133
3315599.82631189,9024998.90334879,1412415693373,134
3315592.81318397,9024996.96221648,1412415695373,132
3315583.68498572,9024993.07995344,1412415697373,132
3315577.45109424,9024988.95505127,1412415699364,132
3315574.89074595,9024988.46976883,1412415701376,134
3315569.65872988,9024987.01392166,1412415703351,133
3315563.53615789,9024985.55807479,1412415705375,131
3315556.74566895,9024983.61694609,1412415707372,137
3315551.06837492,9024981.19053597,1412415709366,135
3315538.26663348,9024979.73469028,1412415711371,139
3315529.36107422,9024976.8229998,1412415713372,138
3315519.8989175,9024977.06564063,1412415715374,143
3315508.43300995,9024976.33771816,1412415717362,142
3315496.18786596,9024978.76412666,1412415719371,149
3315487.72758466,9024979.00676755,1412415721370,151
3315476.03903813,9024980.70525404,1412415723361,151
3315465.4636865,9024980.947895,1412415725372,152
3315453.4411815,9024979.49204936,1412415727360,156
3315448.76576288,9024976.8229998,1412415729369,153
3315441.97527394,9024975.60979577,1412415731359,152
3315433.96027061,9024970.02905992,1412415733361,147
3315428.17165709,9024968.08793543,1412415735369,140
3315420.82457069,9024965.66153055,1412415737371,134
3315414.47935972,9024962.99248612,1412415739360,132
3315405.57380045,9024964.93360924,1412415741363,135
3315399.78518693,9024967.36001388,1412415743370,136
3315387.87400142,9024968.81585705,1412415745367,135
3315380.97219299,9024965.4188901,1412415747367,131
3315369.50628544,9024959.35288169,1412415749358,126
3315361.04600414,9024954.01479853,1412415751366,127
3315350.69329149,9024953.04423838,1412415753367,132
3315337.00099413,9024952.31631836,1412415755366,134
3315328.09543486,9024946.97824043,1412415757357,131
3315322.30682134,9024947.22088025,1412415759356,135
3315316.85216629,9024949.1619991,1412415761366,136
3315311.9541087,9024952.55895836,1412415763364,138
3315300.48820115,9024956.68383961,1412415765355,142
3315295.47882406,9024955.71327911,1412415767361,141
3315279.2261784,9024951.58839841,1412415769363,132
3315270.09798016,9024953.2868784,1412415771363,133
3315248.72463793,9024942.61072508,1412415773365,134
3315239.26248121,9024941.88280611,1412415775366,137
3315233.91914565,9024946.97824043,1412415777351,138
3315226.68337875,9024950.37519865,1412415779362,135
3315216.99858305,9024950.37519865,1412415781349,138
3315210.54205258,9024952.55895836,1412415783341,135
3315202.74968823,9024954.98535881,1412415785359,137
3315195.73656031,9024954.98535881,1412415787358,136
3315181.26502651,9024951.34575844,1412415789362,134
3315172.80474521,9024947.22088025,1412415791346,131
3315163.78786645,9024942.12544576,1412415793357,131
3315151.87668094,9024935.57417815,1412415795362,130
3315139.74285644,9024919.07471586,1412415797351,137
3315129.27882431,9024914.94985622,1412415799347,137
3315116.25444388,9024905.24431346,1412415801358,139
3315106.45832869,9024901.36210003,1412415803350,135
3315097.77540841,9024898.69307951,1412415805347,135
3315084.30575002,9024891.65657564,1412415807359,137
3315076.84734414,9024890.68602392,1412415809359,138
3315072.06060604,9024888.01700738,1412415811343,138
3315062.15317136,9024882.43633962,1412415813354,139
3315053.1362926,9024877.58358859,1412415815336,138
3315041.44774607,9024869.57655655,1412415817345,140
3315030.64975546,9024864.96645124,1412415819349,139
3315024.52718347,9024863.51062912,1412415821354,142
3315020.74232078,9024859.62843826,1412415823339,139
3315011.83676152,9024855.01833935,1412415826337,134
3314987.79175151,9024843.8570595,1412415830343,131
3314967.86556266,9024836.33533721,1412415834344,130
3314951.612917,9024830.02680201,1412415838333,130
3314941.26020436,9024821.04928071,1412415842344,125
3314908.0869961,9024803.57954173,1412415846345,125
3314896.50976906,9024802.60900192,1412415850350,121
3314881.70427678,9024797.75630484,1412415854358,120
3314865.45163113,9024788.53618945,1412415858342,121
3314854.65364052,9024786.35247964,1412415861343,120
3314849.64426343,9024784.89667346,1412415863353,119
3314845.41412278,9024784.65403914,1412415865332,117
3314839.62550926,9024781.98506201,1412415867343,116
3314830.83126949,9024779.07345174,1412415869346,114
3314823.15022462,9024774.70603855,1412415871346,114
3314809.12396878,9024764.27278445,1412415873343,115
3314789.19777993,9024746.31791756,1412415875344,113
3314766.15464534,9024726.42203643,1412415877351,111
3314740.99644042,9024708.22463246,1412415879336,112
3314735.31914639,9024702.40147294,1412415881342,111
3314717.61934735,9024681.53519008,1412415883342,117
3314696.69128308,9024661.88211869,1412415885350,118
3314690.79135007,9024657.27214677,1412415887341,118
3314685.44801451,9024655.57373681,1412415889356,119
3314679.32544252,9024653.14743757,1412415891352,119
3314671.19911969,9024650.23587955,1412415893349,120
3314664.07467228,9024642.2291011,1412415895338,119
3314658.28605876,9024637.37651245,1412415897353,118
3314649.49181899,9024629.36974835,1412415899340,118
3314643.48056648,9024626.70082896,1412415901341,117
3314638.24855042,9024624.03191057,1412415903339,115
3314619.54687596,9024608.50367779,1412415905348,116
3314611.53187263,9024606.07739446,1412415907349,119
3314604.40742521,9024602.92322734,1412415909347,121
3314591.04908632,9024595.40175752,1412415911337,120
3314571.23421696,9024575.99154921,1412415913341,118
3314558.43247552,9024562.16180781,1412415915346,117
3314533.05163162,9024530.86301777,1412415917350,123
3314525.70454522,9024519.2169912,1412415919347,125
3314516.01974953,9024503.44636033,1412415921346,127
3314509.78585804,9024491.80037824,1412415923346,130
3314507.8934267,9024484.27902484,1412415925345,131
3314502.32745216,9024473.84619286,1412415927339,130
3314502.10481318,9024469.2363417,1412415929350,132
3314505.22175892,9024466.08223472,1412415931347,134
3314511.78960888,9024461.95763536,1412415933344,134
3314516.91030545,9024458.07566167,1412415935338,134
3314519.69329272,9024452.98057438,1412415937329,133
3314525.14794777,9024452.01008198,1412415939344,135
3314531.27051976,9024451.0395897,1412415941332,135
3314535.7232994,9024451.7674589,1412415943343,134
3314542.9590663,9024449.09860555,1412415945342,133
3314549.19295778,9024446.42975318,1412415947343,133
3314551.97594505,9024443.76090182,1412415949332,133
3314560.43622635,9024443.76090182,1412415951344,131
3314564.88900598,9024444.00352463,1412415953342,132
3314568.22859071,9024443.76090182,1412415955332,130
3314571.34553645,9024441.09205145,1412415957341,129
3314580.13977622,9024438.42320206,1412415959327,128
3314586.37366771,9024440.60680603,1412415961325,127
3314594.05471257,9024438.90844733,1412415963330,128
3314599.39804813,9024440.84942874,1412415965332,129
3314606.07721758,9024440.60680603,1412415967336,131
3314613.98090142,9024441.09205145,1412415969335,132
3314626.22604541,9024438.42320206,1412415971339,132
3314636.13348009,9024443.27565623,1412415973330,130
3314649.82577746,9024442.79041066,1412415975317,128
3314662.96147737,9024438.18057944,1412415977326,126
3314669.75196631,9024432.35763898,1412415979328,123
3314676.98773321,9024423.13799291,1412415981322,123
3314687.00648738,9024415.3740896,1412415983327,121
3314696.57996359,9024415.3740896,1412415985327,121
3314702.81385508,9024406.63970843,1412415987337,120
3314714.94767957,9024397.42009538,1412415989324,120
3314723.85323884,9024389.6562199,1412415991322,117
3314733.09275657,9024379.7087667,1412415993327,116
3314745.56053954,9024368.54822587,1412415995327,115
3314755.57929371,9024360.05652164,1412415997311,114
3314764.48485298,9024350.83696843,1412415999328,114
3314772.05457835,9024339.4338532,1412416001326,116
3314778.06583085,9024330.69956443,1412416003325,116
3314796.32222734,9024314.44411083,1412416005328,119
3314802.33347984,9024303.52628953,1412416007314,119
3314808.34473235,9024292.12324946,1412416009325,117
3314817.91820856,9024280.7202275,1412416011324,116
3314827.0464068,9024269.8024575,1412416013324,114
3314835.28404912,9024259.6125538,1412416015324,113
3314846.86127616,9024247.96696729,1412416017323,116
3314850.0895414,9024240.44586938,1412416019326,114
3314857.77058626,9024231.95431669,1412416021326,115
3314867.78934043,9024220.0661598,1412416023322,116
3314873.24399548,9024211.08940132,1412416025323,118
3314879.47788696,9024199.44389353,1412416027331,118
3314883.48538863,9024189.01147551,1412416029323,117
3314888.27212674,9024175.18247965,1412416031318,119
3314896.84372753,9024164.0222568,1412416033318,123
3314903.52289698,9024150.92114777,1412416035318,129
3314910.42470541,9024137.57745019,1412416037316,126
3314917.43783333,9024124.71900144,1412416039310,126
3314924.78491972,9024115.98497392,1412416041324,125
3314930.12825528,9024104.58223175,1412416043320,124
3314939.59041199,9024094.3925626,1412416045321,125
3314943.26395519,9024082.26202293,1412416047321,126
3314948.82992973,9024069.40367327,1412416049317,123
3314955.95437714,9024058.72883443,1412416051317,122
3314962.41090761,9024049.50966822,1412416053327,122
3314968.5334796,9024042.95921522,1412416055326,117
3314976.54848294,9024038.10703166,1412416057314,112
3314982.11445748,9024033.98267821,1412416059319,110
3314988.45966845,9024032.04180682,1412416061318,111
3314998.03314466,9024024.52093514,1412416063319,111
3315002.3746048,9024017.97050493,1412416065319,110
3315008.3858573,9024012.39051355,1412416067314,109
3315016.17822166,9024010.20703984,1412416069316,107
3315024.30454449,9024004.14183857,1412416071308,107
3315042.56094098,9023997.59142696,1412416073318,108
3315046.23448417,9023995.40795776,1412416075316,108
3315053.35893158,9023992.49666651,1412416077320,110
3315060.3720595,9023989.34276899,1412416079309,108
3315066.4946315,9023986.67408757,1412416081315,108
3315072.95116196,9023980.60890619,1412416083314,111
3315075.62282974,9023972.84548149,1412416085316,109
3315081.52276275,9023965.80988512,1412416087309,107
3315085.64158391,9023958.53168923,1412416089326,106
3315094.65846267,9023952.22392543,1412416091302,102
3315102.22818804,9023946.15877315,1412416093316,96
3315106.68096767,9023942.76229012,1412416095323,94
3315114.47333203,9023938.39538573,1412416097315,92
3315121.37514046,9023934.75630076,1412416099313,91
3315127.38639296,9023930.38940123,1412416101311,90
3315133.95424292,9023924.80947792,1412416103302,91
3315146.19938691,9023915.83308866,1412416105315,92
3315156.77473853,9023914.13485411,1412416107314,90
3315161.89543511,9023910.73838624,1412416109320,86
3315175.69905197,9023902.00461906,1412416111299,86
3315182.93481887,9023898.60815692,1412416113338,84
3315189.94794679,9023892.78565412,1412416115320,84
3315192.84225355,9023886.96315605,1412416117321,84
3315197.62899165,9023882.35368176,1412416119309,82
3315199.74406198,9023876.7737958,1412416121300,81
3315209.0948992,9023863.43060781,1412416123319,83
3315217.22122203,9023854.21169241,1412416125316,84
3315221.2287237,9023848.38922562,1412416127305,83
3315226.34942028,9023838.68512481,1412416129316,83
3315234.92102107,9023827.28282313,1412416131297,86
3315244.04921931,9023815.88053955,1412416133307,90
3315249.28123538,9023807.38948908,1412416135297,90
3315251.5076252,9023803.99307171,1412416137297,88
3315262.19429631,9023797.44284273,1412416139299,86
3315265.64520053,9023793.07602674,1412416141307,85
3315272.76964794,9023784.58500323,1412416143305,86
3315273.66020386,9023778.76259293,1412416145305,85
3315274.66207928,9023777.30699109,1412416147295,85
3315279.44881739,9023773.91058795,1412416149305,85
3315284.56951396,9023767.11778648,1412416151305,84
3315297.70521388,9023755.95819802,1412416153307,86
3315299.70896471,9023752.56180499,1412416155315,86
3315308.05792652,9023744.31342857,1412416157317,86
3315316.29556884,9023735.09466615,1412416159308,88
3315321.52758491,9023724.66292295,1412416161309,88
3315328.20675435,9023716.65717682,1412416163305,89
3315331.2123806,9023704.52727546,1412416165304,90
3315332.32557551,9023696.52155179,1412416167295,89
3315339.45002292,9023688.51583704,1412416169305,89
3315345.12731695,9023682.2083105,1412416171300,88
3315354.14419571,9023673.23222459,1412416173311,89
3315362.38183803,9023665.71172883,1412416175316,91
3315372.51191169,9023656.25047116,1412416177308,99
3315377.52128877,9023651.15595296,1412416179311,97
3315386.53816753,9023642.66509732,1412416181302,96
3315386.872126,9023638.54097107,1412416183303,93
3315386.31552855,9023628.83715394,1412416185342,91
3315393.10601748,9023619.37594486,1412416187312,95
3315396.11164374,9023613.55366855,1412416189293,96
3315412.03033092,9023602.87950758,1412416191305,98
3315423.60755796,9023589.53682869,1412416193294,106
3315427.50374014,9023584.92754538,1412416195302,106
3315427.61505963,9023582.0164206,1412416197301,106
3315430.95464435,9023575.46639417,1412416199303,108
3315431.84520028,9023570.6145266,1412416201302,110
3315435.2961045,9023561.39598725,1412416203305,115
3315436.29797991,9023556.05894355,1412416205310,112
3315438.74700871,9023553.3904232,1412416207313,110
3315437.29985533,9023550.72190383,1412416209316,111
3315438.8583282,9023548.7811631,1412416211326,110
3315440.97339853,9023542.71635168,1412416213329,108
3315443.31110783,9023538.59228285,1412416215297,108
3315441.97527394,9023536.16636112,1412416217297,109
3315439.74888413,9023533.01266408,1412416219311,114
3315437.6338138,9023528.88860082,1412416221312,115
3315431.95651977,9023527.43304965,1412416223311,118
3315429.84144945,9023526.46268237,1412416225300,119
3315426.7245037,9023526.947866,1412416227309,122
3315425.6113088,9023528.88860082,1412416229315,125
3315421.82644611,9023529.85896844,1412416231288,128
3315418.04158342,9023533.7404402,1412416233309,130
3315409.69262161,9023543.92931355,1412416235309,133
3315402.01157675,9023558.9700578,1412416237302,135
3315389.98907174,9023568.43118726,1412416239310,137
3315383.08726331,9023572.7978666,1412416241298,139
3315382.19670739,9023576.92195508,1412416243300,140
3315381.75142942,9023574.01083356,1412416245308,139
3315381.41747095,9023571.82749319,1412416247286,138
3315383.08726331,9023567.94600083,1412416249298,138
3315383.97781924,9023564.06451057,1412416251295,136
3315383.08726331,9023562.60895227,1412416253307,136
3315382.19670739,9023561.39598725,1412416255300,135
3315380.30427604,9023560.18302242,1412416257305,135
3315377.1873303,9023557.75709338,1412416259305,135
3315377.63260827,9023553.63301591,1412416261305,134
3315376.40809387,9023548.7811631,1412416263304,130
3315373.29114812,9023544.17190595,1412416265303,130
3315371.28739729,9023540.77561312,1412416267294,128
3315367.61385409,9023537.62191405,1412416269293,127
3315365.1648253,9023536.40895325,1412416271294,127
3315364.38558886,9023533.98303225,1412416273293,128
3315364.27426937,9023530.34415229,1412416275291,125
3315362.60447701,9023525.97749877,1412416277294,124
3315358.04037789,9023523.06639791,1412416279300,122
3315354.70079316,9023519.67011505,1412416281290,122
3315348.35558219,9023513.60532823,1412416283299,122
3315343.56884408,9023505.84240858,1412416285293,121
3315341.89905172,9023500.74799713,1412416287293,119
3315336.77835514,9023494.19804485,1412416289292,119
3315337.55759158,9023490.31659447,1412416291292,119
3315326.87092046,9023472.85009373,1412416293292,120
3315322.86341879,9023464.84462843,1412416295281,116
3315321.30494592,9023459.50765652,1412416297299,114
3315320.85966796,9023455.38363549,1412416299300,114
3315319.63515356,9023451.74479537,1412416301301,115
3315314.06917902,9023445.92265503,1412416303300,119
3315311.62015022,9023439.37275277,1412416305299,117
3315306.16549518,9023429.42661634,1412416307303,116
3315298.26181133,9023418.99531732,1412416309299,118
3315292.80715628,9023411.23249998,1412416311297,115
3315287.57514021,9023403.46969104,1412416313294,113
3315283.23368007,9023395.70689049,1412416315298,113
3315275.77527419,9023391.82549336,1412416317299,113
3315254.40193196,9023384.06270541,1412416319300,116
3315234.14178463,9023389.88479558,1412416321300,118
3315209.31753819,9023394.00877898,1412416323294,124
3315187.83287646,9023397.64758984,1412416325290,124
3315169.79911895,9023409.77697267,1412416327291,125
3315145.30883098,9023420.20825829,1412416329291,125
3315128.83354634,9023432.8228565,1412416331285,127
3315108.46207953,9023444.70970971,1412416333302,129
3315082.1906797,9023450.77443832,1412416335296,132
3315068.49838233,9023458.29470891,1412416337300,130
3315055.14004344,9023464.60203871,1412416339292,133
3315039.22135625,9023473.82045376,1412416341295,133
3315019.85176486,9023480.6129777,1412416343283,134
3315000.70481244,9023488.86105111,1412416345285,135
3314979.33147021,9023493.95545414,1412416347284,137
3314964.52597793,9023501.23317902,1412416349294,135
3314949.05256871,9023510.69423238,1412416351287,133
3314933.35652051,9023518.69974881,1412416353281,132
3314914.65484606,9023530.10156036,1412416355282,135
3314898.06824193,9023538.34969064,1412416357289,137
3314877.02885817,9023548.7811631,1412416359283,136
3314857.54794728,9023557.99968626,1412416361299,134
3314841.6292601,9023570.3719333,1412416363293,134
3314824.597378,9023587.59607746,1412416365287,139
3314807.45417642,9023603.36469637,1412416367283,142
3314789.97701637,9023615.73702161,1412416369286,144
3314780.29222067,9023627.86677294,1412416371293,146
3314770.49610548,9023634.90203811,1412416373280,145
3314760.92262927,9023644.60586344,1412416375269,144
3314748.78880477,9023654.30970189,1412416377290,142
3314738.54741162,9023664.01355345,1412416379284,143
3314735.54178537,9023661.58758933,1412416381285,141
3314730.64372777,9023664.74134285,1412416383282,142
3314727.8607405,9023670.07846735,1412416385271,146
3314725.96830916,9023677.35637078,1412416387289,148
3314723.29664138,9023683.17869884,1412416389291,150
3314719.17782022,9023684.87687875,1412416391290,147
3314718.39858379,9023685.11947591,1412416393280,146
3314717.0627499,9023685.11947591,1412416395282,144
3314712.05337281,9023685.84726744,1412416397286,142
3314709.49302452,9023687.54544798,1412416399287,144
3314706.04212031,9023687.78804524,1412416401287,146
3314706.37607878,9023688.03064249,1412416403294,144
3314704.81760591,9023688.27323977,1412416405285,144
3314702.14593813,9023688.03064249,1412416407273,143
3314698.47239493,9023688.03064249,1412416409278,143
3314698.13843646,9023690.69921291,1412416411285,141
3314697.02524156,9023693.85297921,1412416413288,141
3314699.25163137,9023693.12518686,1412416415290,141
3314698.36107544,9023692.639992,1412416417289,141
3314696.02336614,9023693.12518686,1412416419273,140
